"y","X1","X2","X3","X4","X5","X6","X7","X8"
1,1.41107549812302,0.981685225532242,2.41487434137663,0.494232199199364,2.00747055154122,0.776555915160691,1.19328210225104,0.733583822884656
0,2.63154837802637,0.687434289710402,2.46707888054708,2.60259012311005,3.35652693183633,1.18820040290672,1.23763244334102,1.87254621632203
0,-0.121369316055539,1.00099475379078,0.254251953943996,1.38493503697822,1.58591796190004,2.72040741718548,2.33422474984847,0.524663575925154
0,0.654852064418616,0.935419466752048,0.762981560648097,0.814607481009734,0.516426418145678,-0.515555443652004,0.117218642605212,1.64847674673493
0,1.51549353935657,0.454465986756553,0.713974860932085,0.0952030057109259,1.55908835759336,-0.0989357153984487,0.381962727249259,1.10014638281027
0,-0.565375233553545,-0.490888477005738,1.38853899824112,1.97846845675723,1.66459245795671,1.50329159785911,-0.892898077118697,0.144257138376264
0,1.26711082115722,-0.404787859286813,1.10207307008806,0.357718864423522,2.30919184510604,0.655485361156666,-0.344404394475907,-1.20859577337099
1,-0.519586053417331,-0.250952597608471,1.21198799743871,0.341312130378215,-0.245889858997133,1.26783007302328,1.04017649251005,2.56047591337769
0,1.04142990511676,-0.127107744025304,0.964210038350932,0.938158854618498,-0.758924746794106,0.0435582249441183,1.2827927342862,1.50522674797059
1,-0.164057081277482,0.649729678057382,-0.500864589087236,1.92924012306579,1.49223855867311,1.78294852244492,0.945085850454309,0.0474137756663674
1,1.69326142940173,-0.172795378259385,2.53888237299398,2.30172292260228,-0.570487289509055,0.34621387546882,1.31106720915801,1.95400621963306
1,0.791266959770107,1.70032839288615,0.603987505851378,0.899498070791175,1.29603762412785,0.227122434735448,0.36535670967404,0.31424401591363
1,-0.172730780902795,1.37826641877827,2.82847467039982,1.37814797138045,0.354808103985759,2.40116773464835,-0.298569445588598,0.709669240337455
0,0.468050092757459,-0.916260583291188,-0.452252979454671,0.747640818295478,1.92016622812643,0.648110247897349,1.63061501291711,1.37744648090495
1,2.57565532605938,0.628544122786978,2.20575983388336,1.05424732708805,-0.0173963172067566,1.25869582150516,-0.761431963578941,0.475405313693312
0,0.935803708352906,-0.333241874836415,0.218019400531386,0.827307242092176,2.33520232797107,-0.708833084507442,0.763640741973538,3.39481097028083
1,0.502949193331548,2.15872171042134,1.21984130009541,1.90258457298089,1.30927368274371,1.20017261854563,1.01242742026401,3.33759666800659
0,1.82290118044481,-0.236777556693728,1.1987317952378,3.37055628906748,1.96618928256059,1.69378937043729,1.55071702189929,1.28752310393922
0,1.00393143032068,-0.735799179968191,0.935644826275894,1.41913672236494,-0.784256163681022,0.900979887543838,1.30978165162506,1.0194085141619
1,0.31180936165491,1.8735293765475,1.88580110624913,1.89927536121842,1.7924610152881,2.31867783957118,1.93001834127673,2.7876349952196
1,2.10318956181212,1.38076813654293,1.94833657896369,1.31373051480392,0.487431977964205,1.38890107764584,0.95797217333983,0.597607310683334
1,1.53418494520436,1.73669218139069,1.38494850959737,1.49224474502005,0.349475939709601,2.39714663265705,2.97434426214916,1.5562161531246
0,3.77861348161708,1.76561113592328,-0.918597321381935,1.10969463889758,1.27153584037202,1.35401292636909,1.40353544764694,-0.0178336953488727
0,0.916216941333638,0.518539223406149,1.24874122862368,1.34188910841591,0.344670338279311,0.702783346643388,1.7478062301681,2.91994463720937
1,0.754164774140122,2.06704831401602,0.766672042712592,2.63146706639444,-0.476503553772965,-0.386619934270149,0.695038609268231,2.03222818519709
0,3.43381709412463,0.674869162751071,0.241739255301138,0.418833241472391,2.93850557733202,1.28828134353831,0.643510503407999,-0.278654005468208
1,0.146430075117874,1.64393639634782,0.108653180239565,1.15004581008336,0.923297468128845,0.248959024389364,1.67857069186086,0.326365006221774
1,1.19870836839723,2.15909476651129,2.49771167334852,1.52623347931492,1.84843222100748,1.21873445236185,0.779105025158172,1.90158663840046
1,0.519418761790698,3.38436710431908,0.0216372149086125,1.19835266762471,2.4486077451987,2.18721271553469,0.730615279982864,0.237896733586169
1,1.87782370660592,2.1847002862011,2.48115538199557,0.419359293993479,0.67547931459638,-1.34391848861581,1.18478650703574,1.31838609940991
0,2.90838868164244,0.723751285694024,1.01820973800339,-0.0194650508017646,0.691248485984966,1.81828039706265,0.696675450719843,0.416944310738905
1,-1.04528605680436,1.93352891504007,0.20853397661167,1.08744679978796,1.8197443444855,0.864149339533682,0.982968615531422,1.4232615353105
1,0.27651948555891,1.63752063537537,1.70737137545523,0.673789165546463,-0.00923232718272149,-0.0370021029110728,1.06235130534211,1.48683330618817
1,-0.343126934709709,0.906355598021999,2.5744096804374,0.488827015246901,2.10252173191289,2.00709214488051,1.76045936449034,1.21811922050874
1,0.886021655767381,1.34122442062679,0.509986059911589,0.404387588906845,2.42820079585544,0.138828473287613,2.29582689634456,0.467734175005514
1,1.00236880700579,1.07848368073605,1.1278107102386,0.768948525930912,0.767222587300147,-0.714611215679964,0.945842497466816,1.40801276175472
1,2.03010700060061,1.76236587112774,1.37453581512402,2.78792725920456,-0.181770373521822,2.98826282366252,1.02467672536353,1.63306487761167
1,0.0305768735501156,0.915274450090351,0.178409440413082,0.975219807743577,1.52027414340754,0.977233846445249,1.05803586184437,0.771314635520505
0,-0.259227468649463,-0.49450103127926,1.82921411772909,-0.298254694908608,2.4260896546125,1.05305818845232,0.561688576397783,-0.809609664576046
1,1.71007533295584,2.40022385906961,2.14353140185702,0.00233234506769842,0.956427828410618,2.67670537488312,0.774398046863414,1.595578970698
1,1.05778030484632,2.04132106709286,0.926063067574495,0.212986372527382,1.02270174638342,1.02897063767697,0.175979477459317,0.60359497624234
1,-0.0135817511440186,0.641816336020079,0.916806551957011,1.16539469176674,1.27548477176701,0.596784140517955,0.862117284298879,0.64965144520849
1,-0.893640832556867,0.950607417214811,0.783008665440454,0.558729661060255,1.27109400440662,0.113651859254928,0.882810571671028,-0.53300664811699
1,1.0097197527029,0.478015797380442,1.28697746519937,-1.37241814963748,1.63656597388823,1.52320649729831,0.770397100003541,0.252094248389256
0,1.19009718275814,1.70645231013432,0.816223440781089,-1.40817499309319,1.81323534424712,-0.78433855895245,0.655304131894273,-1.99287642752932
0,1.34858719882283,-1.29433823362078,1.10694458630995,-0.49299943722838,0.936436485509206,0.299194923030631,2.34414687849868,2.08980347685644
1,1.85654967949718,-0.663111495251875,0.72290521793075,1.50860876793856,1.53313251625036,2.5553303217666,1.11129903416491,-0.19607101921905
1,0.735055544770107,0.459818471286999,0.472538221419088,0.106273148925159,2.04838306952556,0.105331397838359,1.34833181128554,-0.557164077863737
0,0.99880621117056,0.989204878045429,-0.287099322181208,1.56796056475901,-1.02198269849974,2.65196143669461,0.260552565540835,2.25652723775872
1,1.44012660262576,2.55726359372691,0.367907522171493,2.14009705524509,2.73217714889692,0.991504717916551,-0.403350118337104,0.44315723240305
0,0.242112033364923,-0.121263367683624,0.2810844853513,1.26907125136379,0.742081762592543,1.27919165573573,1.70430280780927,2.99005395122604
1,0.844183933307271,0.835645897146528,1.69015662209823,1.23687485677477,1.30967862784997,-0.185858622172532,1.44213875935232,1.99988523750842
0,2.19169445859818,-0.103854354692896,0.471470709254211,1.32236412326799,1.68292038759863,3.28676201358351,0.0172747048558916,1.50230491334358
1,0.402693138179129,2.09201968517797,1.77122122230041,-1.16390402215695,-0.108047598370868,1.08811053616628,-0.493597464157019,1.5810259842983
1,-0.020596367252969,0.228624014279379,1.92671324148144,2.78296871812736,2.30058811692294,-0.238556462354569,1.44466759378915,0.823301885201329
0,2.65075551340579,-0.341135076576305,-0.0203430663431146,1.60544258050691,-0.0463673271571197,1.31034352537719,0.654553756754825,1.52836369645684
0,1.16293874883197,-0.536627734629513,0.905688596911667,-0.152276434096009,0.770791627965263,1.49282520325832,0.78495599404466,-0.828218957213664
0,0.550805765090312,0.413732602614543,1.70130855406799,0.621722489495858,0.476097715909411,0.245492472233131,-0.00167225881674948,-0.889746531761274
1,0.830007231304871,1.46283209169544,0.0134099876398505,1.6055965795435,-0.108097239626384,2.0362698300803,0.76090099885461,-0.0822728710545451
0,3.05755493912434,1.99517850242886,1.14728776075306,0.651566805891689,-0.105009537500806,2.08680497253783,0.461516852288557,0.618491918027175
0,1.8627631179568,1.1483858535692,0.240214820062023,1.8363195541613,1.25971485338158,0.392546702204369,1.02202557721912,0.151571822860626
0,2.80994072208624,2.37709073322548,1.58837271052716,-0.884147134124742,1.45912593275934,0.0456533766831333,1.18188480743843,1.03737840901744
1,0.856374789395698,-0.279958902838709,1.30063068097265,0.95323329630233,1.0474701274139,1.40775330125029,-0.593066857981337,1.37667928452234
0,1.43373983793948,0.648873695167503,0.0740485358527261,1.23262282676969,1.30646193472944,1.36172522689618,2.20082933848847,1.79557871396484
1,0.394289163590737,-0.302955740347564,0.360490762053567,0.787121215752695,1.11329025140054,0.963567231807763,2.02307161653125,0.271409908004404
0,0.155159178230756,1.64736256088608,0.978179697505343,1.80132369415037,0.313412629412909,0.838029071432548,1.08459368539619,-0.136233740707899
0,2.97443403002009,0.971691350063916,-0.0397610940533564,1.20024858232578,0.826281722867397,0.177986350713201,-0.488730075132316,-0.281533184901454
0,2.48540222331654,0.652129950467775,0.301408862599306,1.06961986394367,-0.501523335829201,0.677681146261088,0.798345004468085,1.63748432638305
0,1.7913772419761,1.42291223749902,1.60805601460036,1.23831430135936,-0.347667674325359,2.70195826876686,3.61880896977202,0.813956445380943
1,0.470007861917101,1.16466146386203,0.422160716296643,1.15554795416384,-0.24891756637941,0.61126770581509,1.00146268731447,0.779276960995969
0,1.55050781089857,-0.139154204260022,-0.500556052455346,0.728976851333686,0.574808303218323,2.2681537707518,0.689085283674933,1.74003342295148
1,0.999536939308373,2.9996265432975,1.22887412903789,0.757555204997455,3.38208215755451,0.463173305823353,0.247013815775031,1.39730118563334
1,0.827719273639638,1.75517438004341,1.17285040836688,2.88169135847062,0.886913184468545,-1.37109709064301,0.82241982772173,0.613374648949116
0,2.57162895751157,1.57772423049409,-0.0132969536381056,1.64222610244383,1.14633532256812,1.13005577832651,0.364616314860122,0.239475737729908
1,0.982757517507971,0.205658528779758,0.982560728635508,0.78807474126565,1.1376284490567,1.35435757985374,2.08034402141352,3.15240396789774
1,-0.136677479623955,2.08296232807672,1.05373321686246,0.736567273860636,1.73050170416161,0.45690896080932,0.812015954893876,1.17244354031754
1,0.586737266605704,1.38282659551784,0.679556745741357,1.35687209210617,1.34627612700448,-0.940785244897152,1.31644352311434,1.75540837964486
0,2.00357168502892,1.67932512725708,1.94626383243535,0.58699536590968,0.233373646320082,1.52456001103024,1.70113311729375,-0.553340920788462
1,-0.731508606869332,0.341689348635913,0.831529469412901,-0.583650941001044,-0.214471568892334,0.207061550864646,1.08725860499292,1.24911174422022
1,1.00448157113043,2.35649193198944,-0.198857966313758,0.730623927802137,1.17978242153112,1.25870439839485,1.41035410733604,1.61493427341262
1,1.24819525468263,2.13430644418855,1.33858444695009,1.79615667542899,0.422815113497464,0.925536084714384,1.12372333758069,0.906955970981101
1,1.87342681340503,1.79448544813633,2.63059723798903,0.281994695521953,1.54172734376209,1.2956420753918,1.80673768121531,0.330597151583216
0,0.265035444911364,0.653244605158999,-0.0442757588282685,0.54262808542605,1.0013569279446,0.723040871699127,-0.244248018221922,1.23871150884825
0,0.371149474209677,-0.494342446792661,1.60866493406473,0.747270021465369,1.31698695956156,2.06221500996154,0.530306887768327,2.17325237645533
1,-0.157671748369122,-0.908479103679158,0.563898400326052,1.5125213799153,-0.628288983677157,0.7180252641477,0.78205272701686,0.465401835187132
0,-0.418725669637631,-0.397553972795115,1.02939812299081,2.2349325541316,2.68822868785629,0.729655716648963,2.82786849569597,0.567761051060576
1,0.758399292493077,0.981697589008998,1.40221595660466,2.11345735930958,1.11865526436149,0.398988716924197,0.664504563393208,0.377577851159983
1,-1.03692553008425,1.5719825945105,2.17605197248929,0.281997183498897,1.56389125237222,0.796815724916204,2.15910729854694,0.101083531201134
0,2.363746267811,0.697731892154222,0.861981814437727,1.83534537718677,0.450038579788465,0.27964844664123,0.975709728635712,1.19440612034635
1,0.255888236115172,0.154671318451617,1.74695553193647,0.224172233195771,0.965114229582565,-0.768957985463298,0.970302945120091,1.04413137139301
1,0.403247584036054,1.49403690239822,-1.3832830712981,1.15370638177572,1.87050468675693,1.75980897888155,-0.426119630671253,1.11240185600802
1,1.30126018203931,1.65403292709591,2.74510330722766,-0.71728769438602,-1.34387494656443,1.33201278385324,1.43865548099568,-0.103962827845151
0,2.78427368474674,0.416027746587006,0.145744545191869,0.814093049398795,1.19989558193404,2.84119050532202,1.34828211581436,-0.141630951533858
1,0.13527061223502,2.10783695806444,0.136749917485908,0.459483270677831,0.50428263597088,2.32456681121106,1.17161127910887,-0.0992433783902944
0,1.53877980734363,0.787727812364117,1.21229008355446,0.414144090100403,-0.00277469966563682,0.720276615054584,1.60193600646013,0.666244518187504
1,0.247822219237222,1.97091418200407,1.17873376037494,0.129983372952322,1.72843422688503,2.35841519211848,0.820980229276865,-0.735850682882134
0,2.56631504063284,1.35975996918106,0.00874726799856462,-0.0223327552124415,0.761058327076763,3.92727741387614,1.37647085881719,-0.189342026137759
0,0.372809125242934,1.19954785799232,1.52651615988787,2.70358358016907,0.457486559626925,1.57909701860412,-1.27212569047309,1.14582011328846
1,-0.327910680637407,1.57811162776187,-0.577231994985551,0.53002659070417,1.75966011937847,1.87851269431297,0.0930831658144483,-0.341810939585981
1,0.133256542161471,2.3040762364744,1.16463511237059,0.935529722379762,1.949318052561,0.378843623963471,0.215906860896909,0.8852986184258
1,1.41998612000762,2.67467235204055,1.10366951487704,1.51944889356527,1.62998586338523,1.42071306711445,-0.503089464001224,2.1595751815159
1,-0.969214789869484,0.650830892228712,1.01650328057523,3.34068927475566,1.4347130467374,0.192962257679214,0.939877962261107,3.05233804015801
0,1.62779598674926,0.933371035208811,1.49333736505479,-0.23684293913795,1.59451206332233,2.85046434513277,1.7137679781354,1.63656025532118
0,0.844755464008176,0.559008787384309,0.64927469375305,0.807218504624554,1.46260008088899,1.24983108611287,0.700738784888669,1.30708742805886
1,0.462380474499295,1.40238786170935,2.09551836233502,1.1545628799607,0.261074373039323,-0.275937787705915,-0.27593847844564,2.4899337958403
1,0.544897385094982,2.49414992348388,2.25847620807601,2.87586668831077,0.434405679545518,1.71512172570176,1.34342823424118,-0.368678668502233
0,2.94923389155077,2.55555526554991,0.220287316832584,1.33395487437817,1.36660367141724,2.40107529272215,1.43536010015817,0.0461908051945201
1,-0.274411524580544,2.79126710564507,0.59493593681784,0.317056884227699,-0.114730682185104,1.002227005418,2.41183466576142,2.18898590283543
0,1.43094720568599,0.0903776170427694,0.919203111272204,1.17162141425147,-0.635084455936686,0.420182602424989,0.802925991359339,1.63744824017549
1,-0.0439746139705899,-0.107108059003537,3.08969212775073,2.00618801986271,0.96207417683176,-0.093940606095021,1.90806844968557,1.40006542812096
0,2.06711744539316,0.411257877689682,-0.441609276660647,0.694120675686496,0.448174926760634,0.102180408691755,0.957625429984492,2.73872417029711
1,0.802776740727841,0.989323157411265,0.684399955116414,1.91483948024264,0.0161543238879631,-1.10566651112902,1.54934112817567,0.273845913892801
1,1.05115538808642,1.30686121887963,0.383009410317337,2.80905161493137,0.249607148445588,1.88239778137885,1.00312823101791,0.78670985029357
0,0.575737742821968,-0.752200747161186,0.302162651435043,-0.624842576458313,1.34101106053903,2.67579613217679,-0.0332147698475542,1.0141954007799
0,1.13789004153744,0.149175311836049,1.9572027317871,2.84223967437408,-0.902239428623785,0.879890311257167,0.0754632032461193,0.14009350768901
1,0.421513250777052,1.08239642016669,1.32258507310848,-0.656682257176954,1.54857448743312,2.21161987449339,2.12268629743768,0.641264312488045
1,1.24000440504171,1.37448593556646,2.93523105530797,0.597590026599397,2.74334836200122,1.23265975009596,-0.0267105139048738,1.43019145173767
0,2.28618973358685,0.0336781450660089,0.3196571641574,-0.0925447045895804,2.39432223839882,-0.0945635608733408,0.769410250849997,1.66115984204837
0,2.57315187214834,0.102379080251621,2.31299917158404,-0.100176669844437,1.81016325304482,2.83375572789072,1.37644212217778,0.0784768428073499
1,0.454185917752684,1.82460321461475,3.36434353554849,3.10882366783336,1.45329620431603,0.914245666244576,1.94213993796106,0.524334422616719
0,1.43150893447383,1.3712470096381,0.0466848024581623,1.52825321372257,2.12650924471434,1.17749592988611,1.43751353005185,3.31081179362759
1,0.548884154277873,2.20747974786198,0.407018289027723,1.00456402879459,1.23850055262053,0.779145307800633,-0.317049158202775,0.979583898114395
0,2.66888387409444,-0.0733387344111422,1.35824105815282,0.710261446589473,-1.2294742273149,1.00388929257721,1.47604343253162,1.50295988599883
0,2.24704372104912,2.26349495876871,1.71102856939156,2.51397976323612,1.39759680555097,0.122847076293603,-0.0350258614179859,0.749507429135815
1,0.0233319552968599,0.899049343392832,1.33413436157842,1.37460211003339,0.226433635117535,1.27544767895499,-0.0723209719085594,0.603916299005464
0,0.941090179455823,0.823607001842213,0.870101190170092,1.12926091036809,1.07580486357925,1.00241828922397,1.35059748008415,-0.164458442297006
0,4.39208612022941,1.88112299376205,0.0681044883230579,-0.195831258896846,-1.25792532258416,2.06797991309476,0.987199802302022,0.993893335592797
1,-0.460492916010016,2.5387257991447,0.000476181998518843,1.01752153723843,1.98059859498201,1.06076223323124,1.17105173259161,2.45573268092043
1,0.267780335841309,-0.308171072542796,0.911037727192515,0.642025283143613,-0.43281102553428,-0.558848079586558,0.961155773360757,-0.285079145295787
0,1.90628386749168,1.74912798794831,-0.653701369232058,1.10142817667476,1.22353513762259,1.06070172041778,1.27636139420109,0.251388779171987
1,-1.46746161458506,1.05039361757767,1.89944835338238,0.583338639451683,1.37206018652692,-0.177772891305378,2.75421192507599,0.472050222310729
0,1.41500679031445,0.668204313848737,0.618967660310632,2.01280048342062,0.121530349594018,1.6678020321978,0.816806039837034,2.47279411926883
1,0.964811859912046,-0.135916779765407,2.50558714485616,2.71522196823138,2.48335497771068,1.65709828492678,2.47412314088874,1.3010494635138
0,1.42396877254075,1.55187076502996,2.93284105012743,4.22525425908509,0.125562987860852,1.83962925687437,0.610888433217073,0.419280227647785
1,0.82622716628103,3.60357029766079,-0.980598273615344,2.7289423346763,0.0344714597726623,0.867913550601467,0.737073263354574,1.31827944165814
0,1.42139728723491,0.510961435587529,1.19295510614843,1.56683982844261,2.59033440493327,0.750947160995133,2.31818286665504,0.562955045034564
1,1.20334851059641,1.68821588788969,1.43649974203397,2.20446209157293,1.08284339781849,1.3011374717722,1.35127497247945,2.37584560390379
1,-1.17803512683871,1.06617486448568,0.711659994895243,0.680154264869889,1.39805682754101,2.3964001760305,0.733385355056767,0.789985564921651
0,1.21764363252137,1.28316771573689,2.85901683813278,-0.64562230875292,2.58239490739737,1.35253063249894,1.57300960076363,1.31904049774107
0,1.14050337952354,1.00708734461769,0.411131490516545,-0.0752182074180412,3.00519296267326,1.6958864174991,0.806763480478552,1.73124384970585
1,0.630663983953181,1.70437660539114,2.60015528734933,0.608112968266311,0.548691325319983,0.914500105962993,1.2879429882646,1.22853491722113
1,1.62359077826113,3.00842109631936,0.492994221245099,2.97298015524513,1.27769130110067,0.399196733626201,0.84889975506694,0.0667286322628242
1,1.68268465178547,4.35285254729806,-0.0408720627807924,1.03557860011791,0.587585792955776,-2.03133776191722,0.00838308133773424,0.18579168201419
1,0.569861852471241,1.71204230699595,1.44228507740955,-0.122484659887056,2.34451435341086,1.36195856826099,0.767581957334912,2.30641159067333
0,2.83835699102914,0.00404226663356433,0.630573955419813,2.59857852694886,-1.50746332613216,-0.356464887002359,1.42436848662269,1.14760045419434
1,0.945090916436789,1.57320864450848,0.868777870229012,0.775480006567382,-0.519438045558585,0.874825213834071,1.32685371315483,1.25687936540899
1,0.226999983789331,1.59510973895231,1.86083923357185,2.01452690311174,0.609486677924732,0.96041237444909,0.949446051143119,2.71106910512594
0,0.512186260883971,0.824717291183628,-0.0907601070482298,0.174747262461447,1.41760699996851,0.170401598177848,0.165329454280631,1.05380087819423
1,0.0740360348993387,1.59682138974976,1.89899426433063,2.14499200543774,3.12308181877355,1.12004414677181,0.114520784859768,2.11261388828688
1,1.96688034875727,1.82869058011217,1.15755239724664,0.164674049080354,0.345989139561481,0.926577897659316,0.0255482204410824,0.661335436365609
0,0.740651010379676,0.00163026966258251,-0.484799679569383,0.944070077469674,-0.422966769590073,1.87785093792457,0.611274094306744,-0.148687760199659
0,1.29682488703077,1.24153881642725,0.863830902280643,0.678223051245318,1.68011920493779,0.0939898005868985,1.86513274438791,1.82999685059924
1,-0.47922086050271,0.810244234714497,0.19752549541516,1.10051033102943,1.92990390892857,1.56033097574346,-0.0741278335115547,1.17107136538628
1,1.31979603269811,1.24240233960001,0.245226620770298,2.20948912318013,2.59066731687885,1.80333447729203,1.57677233657087,0.803329769461486
1,0.314249429122719,1.06179834109526,1.99374756856256,1.71206116679056,0.272824458178887,1.27792279535221,2.67223577175429,-1.3347166741381
0,2.63092264964572,2.54756837289134,0.640535902860877,2.1680619308433,2.52340168966483,0.134962619670076,2.3567970273846,1.80678568967241
1,2.57662851246858,2.65605474659275,1.79716615104075,1.69059066216923,1.20847566574817,2.95866172076371,1.26049745730391,0.49487158940687
1,0.544708436977776,1.70027031103798,1.14977787620147,1.21291700550966,1.26614507123473,0.767184528106467,1.08442275337104,-2.08440544502489
1,-0.114635889141976,0.469839713275407,0.569167631869212,0.572986025138503,-0.390551361147958,-0.527834721504816,2.50201385383224,-0.277880169188972
1,-0.939838421976723,-0.522903827046621,0.487459698842495,1.80631134411968,1.04507626903783,-0.695439692698997,0.642808466692649,1.05089719472042
1,0.788776264677843,-0.157553008687014,2.15226917912806,1.28553774324701,2.65468923743621,0.740033514678888,1.9561794926463,0.557265020014323
1,1.48320948555404,2.1744545594461,2.40874926056955,0.88902159058445,0.546811649622514,-0.928864377793525,1.83022557172907,-0.252604515301379
0,1.30459452628068,1.68271133510163,-0.517168663213863,0.66868855097337,0.147546705760574,1.14019426522515,2.31265226867569,1.42417255493737
1,-0.168422241775874,3.14948894044905,-0.305388654754588,1.57463391189634,0.315072462982711,-1.02789579671725,-0.160946881623212,0.499894868392257
1,1.44326758264214,0.539953960254014,0.212707653624788,2.31713026722743,0.530365135846438,-0.516724180115235,0.533625941548789,1.43005878514968
1,0.656401643512776,0.762394778912805,1.80398913929816,1.25321326387686,1.39917743080498,-0.145152928763778,1.73142740817582,0.349488242394922
0,0.502193988068214,-0.587620925583443,0.28097689101488,1.24892395188075,2.18606457670725,1.21470858422684,0.554148054772813,2.57958098317178
1,-0.506121483316242,1.73961252193649,1.35145700228497,1.44088390986409,-0.10618409791744,1.15061155539011,0.270665824867825,1.18431972572836
1,0.315433721011947,1.14563993953337,-0.937721578755903,0.666745429285783,2.79917132482642,-1.25885980248828,4.60080306022364,2.03474496904717
0,1.95470306526805,-0.650275245692771,0.300091484564845,0.530875361593624,2.33071010541757,1.40675830893034,0.0964091238781684,2.20167387639423
1,0.645147675507383,0.492289582886232,1.3842459536995,0.488725694043376,2.43497774214575,1.70968952789867,0.255627904272501,0.883577919191586
0,3.64009985959465,0.752205805270312,0.171068180385328,1.74696515885474,1.2053946221071,-0.435007419845436,0.15402864062749,0.372351298027887
1,1.98028470741443,0.546537425985043,1.24296676280161,1.88234793943187,1.41941639153565,1.5491017706308,0.644811475689092,1.54397471111018
1,-0.507435441210727,1.16057831496131,0.97612084885015,1.37399392037677,-0.211068781614372,0.600661770410145,0.478402516064662,1.43340510813065
1,0.369155256797499,1.88983054247299,2.9254291556643,0.614388575302191,0.995012911518076,-0.424210372080614,2.12142944145414,2.23851929956672
1,1.04849645078588,0.789415253202194,0.062425358250803,1.64752891625701,0.945727464755772,1.22051057752954,0.841676106123475,2.3135109398208
1,0.0668749571703726,1.17260571747058,1.01108133531373,1.68951850981949,0.518651448817818,0.547837048882607,0.942373924688265,0.60810688678355
0,3.61232406984159,1.32204652129282,0.185050645908172,1.30729502451523,0.71056608583251,0.77224733533834,1.48830507612003,0.283735835620973
0,0.529191503327486,-0.61148312969012,3.03774348604021,-0.503739016810808,0.872569065003759,-0.415646039535298,-0.564706287688522,3.4139520173372
0,2.7188426400301,-0.221388120141329,3.0429114353737,0.793931279181299,2.3071051127042,2.72365838875707,-0.614222605844898,2.27415286051223
1,1.58750775413992,0.345992303953926,1.67446532498814,0.958114632841193,0.503901063307981,-0.618352944802508,2.54580136797881,0.678774897443609
1,1.21630015059576,3.14610151447924,1.48862441745916,0.0999581035573037,1.05041457893091,1.681736856462,1.49687265672462,1.57188610159979
1,0.7335509576283,0.788370574259615,-0.278429527830278,2.30882125610265,0.194191424554923,0.704545305968129,0.270828011451043,0.598194182811466
1,0.11577501789741,0.637121497749331,-1.26118957927215,1.49746581960492,3.16242587216997,-0.591768445596226,2.6315734789216,0.723857817490028
1,-0.567758616876837,0.780666697374596,1.49345678365207,3.04373778517842,0.147465267864951,0.637405680514044,0.794806098594761,0.695299796998866
0,1.17251612667954,0.222816003691111,0.711990495790451,0.283815946920889,0.329529511837902,1.78247645010915,1.05211069441072,0.310167579290811
1,1.3881619446937,2.9352406357806,2.25311633846728,1.11633270425524,1.29367323442207,0.0699613770888012,0.280482733172603,-0.10075127395852
1,-0.0234891984033796,1.84620371596713,1.60923352528309,0.0612987551830428,0.653869264652823,1.80361867786717,-1.33451891464323,-1.0129706414559
0,1.84444485726252,0.987322678132085,1.31311203522317,0.0900096578268451,-0.384342209899776,1.41182933368435,2.75164851691936,0.518816624874159
1,-0.284754466568925,0.323222053231508,-0.0523824766479695,3.24866132491493,3.81979651674872,3.0372231349836,0.702390494333023,-0.249305028610856
1,0.216084299237261,1.0233549435142,1.17124213555381,0.155313578027097,1.6354244623602,3.17606489862189,0.336713160288931,0.715860335661817
1,1.15045242054104,2.02038367087344,1.53496097041022,3.40238123285897,1.64255318267827,-0.426656040994592,0.55529132457145,2.08949104237422
0,1.836719170932,0.561275080316846,0.671617036236578,0.132183396493519,1.86313865504769,1.72169971373639,1.51805573021417,1.39445320553054
1,-0.869410559196712,-0.98121792442661,-0.632892715808397,-0.636232343103712,2.09820913941601,0.52513185248269,0.925821538298289,2.23349446649176
0,0.820788810732452,-1.34956264598808,1.8109233721376,1.18557421847029,0.395266924085152,0.982818597122961,-0.278503215771238,0.764036952265473
1,0.825457829041291,2.96656658246564,1.56688373414948,-0.254417546574375,0.828818446719111,0.247282926309952,0.13427109027946,0.699818167495159
0,1.35007178024645,0.0591597050193962,-1.0220531060837,1.64145830575797,0.0876258712372239,2.64626572975093,1.65790663577277,-0.152840251269451
1,-0.208156876914963,0.346064025705905,0.439165706018867,0.470038828666069,2.74102974900847,0.629807439534449,1.20663916711689,1.83794587012132
0,0.791416249295223,1.09378130616422,-0.387166545862595,0.529801450769224,0.369217137757519,-0.0166265974016837,1.00929645572842,0.658983928943205
0,0.146311418419372,-0.253787406735887,0.858820799436478,0.763667834218236,-0.209428064237625,2.7483268842183,1.94969728667719,-0.519241829862861
1,0.294406401613832,1.74819002896815,1.63308880500195,-1.71385326834748,0.281063832482324,2.46760890113922,0.344298858263307,1.46788798495053
1,-0.0420160967481351,1.29415187470172,1.99611952616965,0.950053814684554,0.06187682554448,1.98561994728566,0.253930653433516,1.73229675688383
1,1.07265084154258,0.354421049931053,0.255555788592313,1.40703583163308,0.513809703035304,3.49617597200688,-0.720942077302354,1.50839013280082
0,1.55276216125223,0.918470479579049,0.47614725309858,0.47298170039059,1.40829199569416,1.29850864481199,1.29425457234235,1.12022983998967
1,-0.95542625803891,1.85009635257875,0.596765029221874,2.68407824624887,0.526762771113083,0.734029809266574,1.74518655040846,0.380197329005273
1,-1.17238651811012,2.61107242311613,0.870680703604632,0.732526659121787,0.511468586442158,-0.742597468005601,0.904093681709992,1.64529011401422
1,0.50409287705237,1.16333642307445,0.957652811585289,1.50252416987543,1.375357125377,1.90154887291292,2.25051963653519,0.982120800366515
1,-0.406693425685297,0.343970237016231,0.323501711686156,0.501334126218663,2.80398755803541,3.77816650939557,2.22183635287839,-0.226806966337423
1,1.3313741138554,0.768314858607041,0.2927939998969,1.63157241390074,2.47741934203578,1.83427335932426,0.414828948694521,2.47249563865327
1,-0.840333885683224,0.512772628300175,0.0646473753455379,0.314162026729218,0.715324004749889,0.00523688325210636,2.61607311297006,1.39186597925281
1,1.97223744201382,2.4080189986807,1.19383378658028,1.63963263398108,1.84396620614227,1.19147107122112,0.682378459992992,2.12887226378268
0,2.00102305605591,1.78366731876461,-0.0656149515887252,0.418494869417907,0.366916351405906,0.61488126426572,1.64862806588215,0.0830681440794171
1,-0.0232456216938566,-0.707352093186445,1.59463072259135,1.91354359282358,0.762179349626443,2.4923443725962,0.560056306021381,1.67964090878652
1,0.978229061524253,0.0954746035996903,0.860196688675186,2.43866780780479,1.38404542582881,1.23327476712246,2.80673461573944,1.3404662080758
1,-0.222860894111011,1.31409517555648,2.05743262514485,1.55257058289457,2.04110789161641,0.190886506542588,1.45710704487559,3.28361963715746
1,1.42571044563344,0.538696275338284,0.31702098619165,0.231096163102506,3.15286422687404,-0.228670706842639,2.51546720622914,1.52184886763026
0,3.37600823821748,1.65632169015011,0.235902206022367,0.573982312837799,0.830699989851517,0.955791610535788,1.15116759821944,0.0170944702227678
1,0.34999039294342,1.5091241961555,3.63613230799068,1.82478865347674,-0.610261365530739,0.480221627487577,0.170177137412544,1.94553256941323
0,2.18018949263346,2.15225079561388,1.4490503819548,1.20275485151002,1.61948224661911,3.640464499953,1.29076614528413,0.338859313916539
1,-0.195816056365608,1.1262454646983,0.610331771087402,2.13575187379009,1.85844529189849,0.894650096626095,0.0065419354207733,1.43933302102904
0,1.0712871034765,-1.69323417178745,0.782790550614741,1.12904613153077,-0.13855511312404,1.74625091447619,0.735845932789323,0.128801464500407
0,0.866264372923121,0.0770617954659519,0.884331503094504,-1.13502617779484,-0.589685564767868,-0.169956598300318,0.788135033713718,1.83623314400248
0,1.18476801377262,2.28255117422422,1.30320229552187,-0.38263388976108,0.154228603439477,0.98554166108578,1.48942142544012,-0.0783812873926839
0,1.52175938328083,1.48716853008882,1.52014421513417,1.27852389793068,-0.0241055858184631,0.31750265613511,-1.22940265372521,0.920641488969825
1,0.696053741879519,0.685469085516947,1.34551647721018,-0.0519919120810708,1.10387920911527,-0.399024145194941,-0.617670694580609,-0.717249334989857
0,0.483352853694672,0.566045562198436,0.155781814688088,-0.44736208769397,0.40286047965665,1.326500566955,2.43423641023821,-0.206886113406622
0,2.76623055822645,0.405867428434642,-0.179819511517693,2.15839918421939,1.44409889831124,0.282768679811651,-0.795895710264524,0.0572881548348231
0,3.14563665447798,-0.143370013078142,2.13019684039122,2.23733775091972,0.414091992923837,0.52655950243585,1.57315530544313,0.119472424104043
0,1.09839416415626,1.32325319322926,0.349589098389192,0.557596198960961,2.16578044901697,0.978861452367851,0.160445565956016,-1.12850570560348
0,1.13584621772613,2.11457017944344,1.15689824720677,1.87330912061012,0.869009562480124,1.67735247040907,1.06334246630526,1.50479908419731
1,0.242568900183615,3.07799310116875,2.89710646870399,2.88939684392766,1.41715566479849,-0.195883909782382,2.98945681962757,0.983451525076218
1,0.149784536689842,3.45627082726585,1.97674953776345,0.851523789828183,1.74828643624211,0.339081393307721,2.70104337461794,1.29331422879474
0,3.22837414601621,1.56606172547715,-0.689232539568453,0.914426615233578,1.27423182245331,0.653926085647328,1.70539119076358,-1.31723997946385
1,1.02181839042227,1.39031533886345,1.11958946061126,0.577859389847508,1.05465641350372,1.04696637970647,0.233990048986261,1.00583501948822
1,1.8236818538677,1.52092567300729,1.9037072284604,2.69645358972226,2.48508438333074,1.3674616296546,0.59998183790708,2.43631566479285
1,0.546345449355657,1.30977768246142,0.247109867366326,0.545795263599579,0.426866731490381,2.51965257635197,1.93351922433734,0.403128084706584
0,1.53151994408082,0.419652739675175,1.59866684727314,0.624453089999982,2.2323590741849,0.572422435229667,0.953734965736329,1.35267690956303
1,1.3287631896828,0.20261730392591,1.72720287415007,0.837041356799446,-1.18148083443074,-0.295983164638192,0.573231043688596,0.439195850152115
1,0.981550673762315,0.894051493135035,0.300733208207524,1.22780112266093,1.12400714333639,2.25459633361933,1.17734261545633,1.45548139255561
1,0.110292117704244,-0.332485334747628,1.03893793573139,0.970903663814733,-1.29022411964192,-0.854938756514025,-0.102187202073268,0.477137044692059
1,2.18612346524286,1.93302571315448,0.423044452886772,-2.29663422412909,0.0502246910521452,-0.0163981617287332,1.3844517215958,1.02489095928774
0,0.798132143964328,1.58322344270352,-0.205663514022159,-0.4270636044543,2.30814131231325,-0.512851857266827,2.2765935849615,0.203683195510488
1,1.47709901874795,1.22890322435473,2.13935476754046,1.26788194522524,0.217099933381102,2.00911668475011,0.734939544259173,0.722130388046723
1,2.0414466380305,0.794804875701261,1.26669639395464,1.6876516816676,2.16271501466124,1.17603046875481,0.0401613182672825,0.669892180491655
1,0.683159184730438,1.39401150871733,0.418816897674914,2.81341745541227,2.37244030898607,1.33626800812729,0.679973697790556,1.68823757177794
1,2.14306988421451,1.8046891614111,3.00303161422864,2.13204719024091,0.564504507817384,1.89381226490314,0.553240105531757,2.3166379265446
0,0.923620864151827,0.446303844305372,0.0217679829627784,1.61962191967709,-0.132232101933898,0.781592648575295,2.05162820602846,0.313113563299807
1,-1.04343482379016,1.14963591155325,2.21852946748233,3.02996647681563,-0.214274323871362,-0.207992775138399,0.613284522494966,-0.0538627074652258
0,0.977536171768485,0.734913244999256,-0.046594749123648,0.220200244198753,-0.716942835299762,1.39018083863066,0.72269792040667,0.507633227227877
1,-0.265720390218014,2.07244921530437,0.780593041698802,0.882182632338737,0.142110266713407,-1.12267360091655,2.62264853329832,-0.120187578687719
0,2.09528854255793,0.715652109123699,2.88778059355951,1.19246092772746,1.77925835339238,-1.4396341361738,1.20192956795146,0.633927888521509
1,-0.0361300260599438,0.29521727593067,2.72350771564551,0.015435142336361,2.43828326634576,-0.0370548254626069,1.04310872038436,1.14822206645045
0,1.20127686370554,-0.1413381628583,1.74675908088885,0.0728319170098559,0.869456267339323,1.22455179152153,2.37605830288319,4.01383539965761
0,2.29369921456898,0.843357000167609,2.72278175392535,0.629447766619896,0.916185207486488,-0.230855757166589,0.397231265272076,1.31741760250348
1,2.16892517661499,0.420716606099808,2.69025168748388,0.62476215855013,1.52004463023665,2.40019650067474,1.26105333241142,-0.62718071802616
0,2.29150075532057,1.30474532899524,1.32899551777143,1.1217007880938,-0.196675218795085,1.18255576534971,1.19627535430293,0.804019908147805
1,-0.554326458478785,1.5338281700088,1.67790287575371,0.825763158803681,0.844950515735415,0.191723974759461,1.06811375810577,0.330689588593708
1,-0.264348470411263,1.06071838905903,1.72621916847042,2.63434472736596,2.85080845807335,0.931075878932698,1.2232074413094,0.192092455683742
1,-0.36269579498147,0.753720643677095,2.34538593874205,0.944296042452733,2.3669298515718,1.83304107065802,0.941832950636194,0.83049865627211
0,1.82877804919781,0.489372688816104,-0.226945726334411,0.516310748488573,1.59576581884168,1.14040456202147,2.52732372195099,0.830346005921953
1,-0.011501216478077,2.95484973757113,0.397842073169642,2.62132912304795,0.977036833505679,0.858685260309256,0.767572822603284,0.0128297455684844
1,1.22979166868383,1.22123626014073,2.16837432025625,1.45029781069766,0.97381978737901,1.04352467737182,-0.757918096432961,-0.470566225727228
1,0.562184918313148,0.269205142578391,1.99131649273824,1.32879179076446,2.68207535024868,1.15592887720288,0.0345950148804856,2.93114810201044
1,0.915861395600266,1.84307408860469,0.425613008329006,0.945999952161775,2.4512295742249,1.64811309032179,1.88915852746586,0.918527595952319
1,0.654441560239061,1.89251725999228,1.49890945847845,0.665366854775298,2.88682536157054,0.853670343947055,0.974197671754233,1.57413435005778
1,1.17670994239159,-0.152213020473827,1.34301206881187,1.63188536723965,2.06953529189965,0.767001505842154,1.18273029434804,1.15302469724139
0,2.87333702893625,0.701470651813897,0.54694076293375,1.15162448905069,1.238491765755,0.721559941745942,0.350706847545905,2.09672131259025
1,0.890500613956687,1.82474741080339,-0.342330626050054,0.524370301480133,-0.236258858852688,1.96285914891061,-0.451511634719842,-0.230346890724912
1,1.22478964082086,1.9211779746792,-0.021415116119204,2.27310383451589,0.470335463541137,-0.49038475250761,0.436804276966153,-0.490573326162965
1,0.845710180221257,1.98774937487042,1.82064051012404,1.42379810449681,1.13799160662603,0.504855865490235,0.692216794629528,1.40201557730654
1,0.427841692383546,-0.196584392251284,0.845906611629625,0.726791057506874,1.06357854414935,0.204269372664977,0.451862193603514,-0.427842287987577
0,1.53859860913191,-0.183882076477494,-0.578006409147531,0.732639195188458,0.820233896366212,0.7385768296379,1.25085223449221,1.68859329470074
1,-0.0352123463592773,0.659833314972293,0.97281804635546,1.79088665629127,1.3828657829955,-0.104688728361262,1.2947287309269,1.51707681825734
0,2.7700755864678,2.43159498366967,2.10210865332655,0.423238819744531,0.42318465793374,0.165513354243755,0.529051460156504,0.053722498634255
1,0.565006642593359,2.34768169398954,0.444322702573632,0.377927920154629,2.11873629966226,1.28635876935224,2.10437900782555,0.0951434798216396
1,0.254287566182089,1.2183095476525,1.01423197970935,-0.0569433407087456,-0.0976134642962083,2.41082934845667,0.606401754515191,-0.53698808871733
0,0.810350015411643,-0.990531696094768,0.381259968097883,-0.390260904514587,2.2162381045975,0.74782980798188,1.58692484776329,0.132682736511236
1,-0.404113449438869,1.13115996680107,1.2156828710184,-1.37313920279559,0.938357658061613,1.46222880430697,-0.117806276966955,1.0160299643052
1,1.31072268980602,0.536194776246832,0.431276386321193,0.657234527225022,1.0360367655054,2.46000685150176,0.767155587829147,-0.656697256498331
1,-0.15385065516602,2.70770452450347,0.467219022811735,2.60869881134083,1.174961341513,1.76321859038237,3.13245804274087,2.22781501657048
0,1.98351407498825,0.648901342526203,-0.239179118947836,0.159040761029095,1.81921210766881,-0.107947431893522,0.329504719909152,0.59054664575466
1,0.676142080938609,0.72660445380214,0.531484736427776,1.07364663598236,0.294415905004971,1.66984887556133,1.11530908444147,1.48318597410631
1,0.644721975489717,1.78405614871107,1.18062059635728,1.51572950357845,2.50977946163913,0.677976437146268,-1.33447085270803,1.31466437855597
1,-0.155869519885349,1.25661742328695,2.46184718473413,0.340171546901155,0.150671405244636,0.832676577819716,-0.0112613919428681,0.0814475258092977
0,1.84987841279274,2.68023170461707,1.13197677813982,1.35290577588922,-0.676829732295181,1.91950275356104,1.24605341880033,1.50740942319213
0,0.887342874910946,0.0200464855480673,-0.547155698539079,1.83862526786082,2.92769539452747,-0.415859093617413,2.75420992932346,3.15368331441217
0,2.60391638934819,0.0719704804182726,1.68149388686445,1.53209974484748,-0.492060938406246,1.87751846314326,1.21591626382357,0.105063505809709
0,1.33484618817716,0.619317817893537,1.65148398505266,0.616366542773293,2.17437497829859,-0.402679872877457,1.88904000423299,0.259388835035067
0,-0.767671437428454,-0.363840212699824,1.16804600181876,0.651635701011162,1.53389973809378,1.82657117041162,0.681699916255103,0.544956268822006
1,0.205903313346876,0.468016701134067,1.25962918030402,2.95635449075691,1.79413500564204,-0.116908381761636,0.209556113221784,0.531630536582313
1,0.644283458411351,1.15448943524825,0.629061353517853,-0.372036226209729,1.59012795125498,0.69148799198906,1.41401497486226,0.794076458415176
1,0.480925165404957,0.943138104176108,2.0808392685367,2.12952746570841,1.9156083030872,2.22462092964019,0.834251816809519,1.50791800844974
0,1.06305131372016,0.627331529096654,-1.08927193518242,1.08913891704197,0.111581911188542,1.42930027280704,2.51437467782996,0.285190880529096
1,-0.145534329598219,-0.13073167337714,1.59325753814141,1.9511661589034,1.99667666576645,0.272407721610277,1.09037080912724,1.48038306513737
1,-0.0151684729396828,0.990431218969415,1.09199998841469,1.32489164887294,0.130453254435914,-0.513583025950349,2.50775487300342,0.57368957291975
1,-0.776401555925838,0.197576483006889,-0.121571064121104,2.54019958620226,1.73906259990911,0.949236926105307,1.89901153842582,1.74934495429254
1,0.131294401521442,1.77436018705964,0.0618097435698211,1.10922668983438,0.875543958010974,0.335964179876088,0.371884685746794,0.189757018555283
1,0.470460501628361,1.85726787708535,4.09881748548306,0.607254360709591,-0.920284514135811,0.840100761977168,0.92266897868007,1.16086011873143
1,1.79735511868368,0.22761938333467,0.895595475275818,1.57408153337536,0.994936794311402,1.58862511793475,0.894469459061216,-0.122930393626119
1,1.06677477700964,1.3163221842273,0.550117369570458,0.581439286207177,1.49556173671926,-0.723484695723166,0.338884398103742,0.430007331927289
0,2.52004902618119,1.34362610663625,-0.577028328602665,1.02865767958997,-0.109335955359031,-0.746105035972008,0.235447619327027,0.137724044403277
0,2.53862499290323,1.22486977849332,0.649156189622718,1.0944559499415,-0.976425039683763,1.11198910953287,1.35309299158863,2.40426562022968
1,0.436606612433419,0.315019882153454,0.148125936866068,2.19480531353367,-0.336203286141449,1.62473741121029,2.26364966356412,1.03374116318549
0,2.20442376522524,0.710603741619424,0.643995608567386,-0.286998469140705,2.24339245776973,3.04436029133088,0.424614427916431,2.21771036405538
0,1.72121141020224,0.415810141620347,0.28241491731671,-0.0244007927618488,3.06302711878398,-1.61593159514287,2.14515468587727,2.62123213035798
0,1.77741084048735,1.48623165099588,2.41252576034908,0.959962429362313,1.1536889921877,0.484917884305928,-0.776416831393428,0.22031650719071
1,0.347674914894044,0.30806086490837,2.86832146924366,-0.271029872369298,-0.262255744727065,-0.519514479228891,1.30304379271884,2.71858022648672
0,1.7542702171818,0.165565540705785,1.2903185122362,1.79696093085335,0.842762502709306,-0.544448179630967,0.921301066705762,-0.387336856423436
0,3.18295352933404,1.21531480905929,1.7659329890276,-0.653599275251089,-0.879954536417928,0.269661194112228,1.3040641847987,2.7200821272095
1,0.971839168590158,1.30354078479258,1.33861737628866,-0.879999905116399,1.86128180749183,0.922541858104005,1.75202756709472,-0.520495177919123
1,-0.708245075113564,0.165161524438375,-1.26935794871138,0.29554390673545,1.00002020524879,2.33457651535447,0.863198529866309,2.08895899400071
0,1.12971955837045,2.78253640754765,0.120353843044037,-0.0691745458726216,0.973212072297188,0.248686479729729,1.44054307963747,1.06240393227298
0,0.569310264552277,0.210869016685635,1.18749587471604,-0.232307404818388,0.707671113754105,1.7795071431426,1.88997509479584,1.12966750191639
1,0.982148575707541,1.71819001240442,1.23944606147821,1.67577664229021,2.41018786126706,0.0215224386311081,2.70904755356524,0.727626366751565
1,0.145046783562305,1.03599828571904,-0.895853249269752,2.45465919118142,2.48295065052058,1.38220505350992,0.699259952036276,1.4410363344285
1,1.42237824417743,1.07273543841807,1.19562279822741,1.90431599567152,1.54615770424537,1.41042855229321,1.914958222909,-0.205409924540273
0,1.80818333096748,0.128383541877233,-0.307668614413112,0.543277409485114,1.15338096694089,0.40061431639667,1.41340580800179,-0.10704227811002
0,1.86907506400704,0.48893172337733,0.0702834878569151,1.11738550722053,2.47375637878545,1.0722500355501,0.806628641677657,-0.404299150483856
1,-0.34356749789511,2.88067370847664,1.30479701102701,2.11920536712753,-0.427985886842275,-0.808967698523759,2.33092585592919,2.14351501717333
0,1.6557629446366,0.24813006435483,2.57170376599602,1.7842889584626,-0.966243585387456,1.3847073734804,1.38359970268055,-1.55196730763859
1,-0.0757002351271392,0.328679641559764,2.01208349254942,1.55088474112469,1.25392715394648,1.07349282084689,0.157755316483623,0.84557015577683
1,0.392705511302885,1.78264815810331,0.466569414202287,1.02478258163286,0.988573896005578,1.78004753163595,1.12475091510272,-1.34264307815672
1,0.679982831667113,2.11429662622056,1.11618185094256,1.66017700793558,1.11892253044726,0.211185261488787,1.00013194063263,1.50487819300956
0,0.0170472003048772,0.39247692620958,-0.550589748837751,2.65848251505448,2.12734476586416,1.16325415816077,0.522179299535969,1.26263382949331
1,3.92223955776372,1.71374662497964,1.32653819571874,1.42501684843151,2.79487843635345,3.09113921732938,1.43862580393527,1.70382398265121
0,1.33287035915717,0.81716463197793,0.892081330581281,0.514924751648741,0.957814437073892,1.43050164453982,0.449435056547946,0.893531143787237
1,1.05370302812364,2.3224357343434,0.16935233792687,1.38284175137967,1.1305212507866,1.33420972868604,0.683383339516674,1.92206562332061
1,1.17908952952578,0.542090590703054,1.51753763654346,1.15852473787156,2.88320052908995,1.21240401244291,2.68332749737203,2.36997058301199
1,2.01752146127483,2.12548569442509,0.989562889081527,2.9450511063014,0.593803542837788,0.816959843993023,1.07706974132133,1.28332593634809
0,1.92437681790055,1.53507398584348,0.12141117913791,1.32354544722089,1.33000308494607,0.821445287070873,-0.0301092123226592,-0.265551005681113
1,0.465864401001874,1.9700298253053,-0.0300589419092423,1.74900236780268,-0.0210397789783063,2.26945916682567,0.394469120034841,1.38161388480792
1,-0.754482092309869,-0.819502493033691,1.55669831666225,-0.0573849853944401,1.34844285875257,0.232108214300561,1.79976710296206,2.4488753394735
1,1.31818049913712,0.768518602728641,0.224245610232405,2.33852291317781,1.8164624400381,1.61437320975165,1.96145471149532,0.677791210973282
1,0.586518174766959,1.33408135363428,1.09477867107559,0.81348639202682,0.693080587372614,-0.0470572864809982,0.732092616277547,1.54193145331964
0,0.984054420178268,1.68254065152905,-0.85878852322071,1.15527784428195,0.200691443868878,0.507932628998473,2.34179950245257,0.100666441767464
1,0.610771923705355,1.12885034685285,0.975418043550548,2.04213854106215,1.81194238492855,2.57927230930122,0.562137541586744,-0.0238227348229221
0,1.98549800306396,0.199898830962243,2.2574023159395,0.220085980308559,-0.21255683434161,1.61472034515714,0.871162350273162,0.972264470274308
1,1.11218600084725,0.106882424638636,0.564556486728076,-0.00244789186216399,-0.467337639901273,0.293676498518927,0.559170215398609,2.44340324797458
1,0.848329954675302,3.44746284147058,1.01285582047585,0.293331798632931,1.44520945332134,0.245936890337813,1.2005344844245,2.20356472945978
1,-0.182221669616602,1.24445146032757,-1.23799270391631,1.83465957701111,-0.0856955578192962,2.35564491792559,0.776034506404417,2.43453595289701
1,0.821008587457299,0.784756226064126,2.29032759494412,-0.236525341140325,1.41949232050888,1.89030868646124,0.86656952842188,1.95093871984847
1,0.273765519386245,0.391327440136523,2.09136509865409,-0.603862993415067,-0.140535638784236,-1.19989349230052,0.905633425616811,1.13302441589012
1,0.937919410947586,1.32315678480699,1.02652047616863,1.32326762801986,2.71962970324514,-0.126062521705974,1.52229657563081,1.21213108975558
0,0.591628451111933,1.9124843503736,-0.585015602509548,2.16910397367083,-0.392378151608021,1.3792240039324,1.45443614003572,1.4551754475877
1,-0.572883988363534,2.86212311077419,1.46970994579515,1.36431245612685,2.1975951795452,0.432459678392126,3.17526124104854,0.994338828342743
1,1.60907373474275,1.86253262614708,1.22246775856215,1.89389711355417,1.51572026459765,-0.186269414584419,2.17107129018278,1.4195724369707
0,0.597065587592817,-1.66528561529846,0.0789948147249087,0.807563864921965,0.877070846579826,0.948577409678299,1.61634555844101,0.658545370837668
1,0.508545031578958,1.336157208329,-0.0925219581561321,2.10037162612787,0.823100036715583,1.18546182394653,0.122552479299959,1.68280943764924
1,0.842857687633444,1.86378720006457,0.134410806149101,0.0815536848147503,1.25274319506501,1.56929084192865,0.940979156629001,0.599471545814317
0,3.08446272586655,2.02498903923646,0.345596394054943,0.0197597811586848,1.30531415975585,0.73093528739411,0.298774643714493,0.513608196804823
1,-0.114675559824884,0.971979911780842,-0.17206335065825,1.76110869477401,0.940991885693018,1.12502466995055,3.4230114030767,1.54142665000244
0,1.92061639489108,1.89457734304913,-0.0933458839388734,2.01873111037092,3.43776448542828,3.51756265067122,2.50635442623844,1.08383103707704
1,1.59160509015901,-0.866910628546978,3.17265161123749,0.377528562898967,2.13930604759851,0.173206417390314,0.593930651015404,2.25300044903792
0,2.24677561260463,1.38722352670555,0.218141681970598,1.3640201692488,1.41923956496505,1.25782251617641,1.94688719831681,-0.378103838961268
0,1.68885068004969,0.8233227925687,-0.650776749523135,2.29484398241348,0.059788102216802,1.30611409643421,0.969500171549675,1.45152877004092
1,1.48293851656537,1.20230919202329,1.80953277300182,0.214915119771108,0.767405236144955,1.63540751789215,2.65924873098601,1.7852283097037
1,-1.00687674010458,0.298217985105901,1.42220821884855,-0.496626418799577,1.22450574369331,0.698696616691999,1.10728029578913,1.59865547699299
1,-1.24674368786576,1.77280402638401,1.56062837255839,0.31039303763276,-1.92530868412048,2.32869923940572,1.37094869831492,0.650537475659672
0,2.81398223592425,-0.104312536269638,0.338562169541807,3.37859671523231,1.5935596927571,-0.532851926641003,0.782277532088254,1.16686075545673
1,1.29026503080257,1.50487180168112,1.57867131301765,-0.241732084746633,0.0378032397837971,2.00418582566867,0.886890169947566,1.10697558017009
1,-1.70687196718653,2.21923504731854,1.07632315278642,0.79009835799603,0.328694196762248,2.16342996437678,1.27186807631954,1.96847337416549
0,1.49700086072901,-0.902750041893543,1.61870082216725,0.721944231190519,1.47774350976324,1.59715737891473,0.52849291283995,1.93800010521226
0,1.32951215825189,0.54237271350687,-1.37835508548266,0.477443936823529,3.03252589823013,0.971132570430981,0.841001052724749,0.493285934749499
1,1.49975602590413,0.644940033338923,-0.222690539770009,-0.257268774533328,1.74032265195396,1.01966771808794,1.05119046309609,-0.548075701726831
0,0.759089529290865,-0.918178458240519,-0.0699029177110986,-0.661645821903849,1.08959466377007,1.0060041536322,-0.771315981262867,1.28568468229321
1,0.619879793985735,0.850134796755046,2.9141273346838,3.56471069907779,1.35831173040676,0.812056939372928,3.12362932713261,-0.331234130658555
1,0.981053207167435,1.12124567159306,2.24817416674021,1.43495913647678,2.18016502078799,1.66692294116524,0.721430906791981,0.587216487297648
1,0.777292613529846,1.7244414025662,3.2735713223123,0.649385308508228,-0.523404511952469,1.38048915608842,1.31077836753193,2.83976893893374
0,1.96492814997508,3.57377889135402,0.258070117054012,2.04977551855121,-0.138013518498343,1.78852988819333,1.32433636819688,0.403147306119109
1,0.00361345865088603,1.5144853723772,0.882911140383211,0.677857410344415,1.0611777277828,1.31237733680002,2.09471022748751,1.33013667437956
1,1.06386668087332,1.6481627196955,0.916920723694113,1.46472760996846,1.65139068126204,1.15928251847878,1.17167392187752,0.983980995551465
0,1.11938221843303,1.70655971020838,-0.116165802631419,-0.992779619144701,0.550484172023402,0.461973041064167,1.45506924574433,0.448651759804905
1,1.16460571815492,1.7833589677943,2.8780186433977,1.54611873672896,1.9124069261193,0.0578490018482705,0.922083030914395,0.276489083772721
1,1.43903737225818,-0.131847466757213,2.80318818724472,2.49868834491904,1.30399635190543,1.35303185015715,1.62097263801508,1.33850911358468
1,-0.192010373108577,0.995570296638259,1.92559199269569,1.22651582849348,-0.243926689879477,2.80169990316795,1.11444017409431,-0.517780865210514
0,2.64460856009352,0.140458503380807,1.37894265787051,1.93337115930303,1.68665565062174,0.720764507597978,3.53270048238278,-0.0886736582294749
1,0.53887475807274,0.0891685032480117,0.526695645588871,2.41710369860735,1.97427185079167,0.688554497727208,2.86305969760768,0.671660190446375
1,-0.340301799067046,0.812412446363154,1.57814120002055,1.02970321317767,0.818331370417784,0.994624243980704,-0.046236058595059,-0.603839559388083
0,1.67728663663977,1.72807948491033,-0.712506681323665,-0.334162181127224,0.347573463562371,-1.15200727591863,0.732706584838431,1.6684401394221
1,0.572650065511826,1.91559857595329,0.620422980915017,0.83203383290076,1.70288557358065,1.58047208571645,-0.0292690598607663,1.54888836582724
1,1.23777686966381,1.64358896375838,1.00723738799842,1.42792152973272,0.717813194072092,2.96615480046515,-0.850971981420206,1.29801707316161
1,-0.739621926596348,1.45935999609023,1.39498123771244,2.05295613802073,1.95138312970044,0.74162352586569,1.09709930971772,0.910606280631347
1,0.608989080868606,2.1240039484603,1.74947917320859,2.53804342139969,1.66931861475235,0.784704102679973,2.55598858424608,2.70331485111525
1,0.32167613241275,1.98002673544205,1.60283300848741,1.12569244519004,2.03450360505043,1.98111874225678,1.77565649550892,-0.216415475745135
1,0.774830081055433,1.20844307944223,1.12910194542163,1.79848418891516,0.0633667236787678,3.26110468697486,1.08026641437609,2.86232339989146
1,0.995637810000742,2.5539088237004,0.657243588917721,0.946569963230433,-0.16962741678201,1.16596311960687,0.933450151436714,-0.431890080622882
1,1.03200473064402,1.13745502348884,2.17867911175623,0.679826375097101,0.479054274429581,0.922265772614619,-0.765789336588207,2.07631237407484
1,-0.167647981549655,-0.759472713748151,1.46038805368212,0.627043230897433,0.131291199057723,1.9766044414564,-0.494742519187948,-0.049194536576431
0,1.49064852082225,1.27952702146758,0.57837236372686,1.82748332089064,1.57500363036742,1.88787687362805,0.529855209594126,1.9180762808917
1,-0.555572718618019,-0.595411934055054,1.01568169009731,2.24962764135978,-0.836024557456291,0.12373410239818,2.13234815072424,1.98440046239815
0,1.86746667050377,-0.34628342780644,0.135751943922232,0.983805668644667,0.948193331493742,1.48893131088807,0.733069121548068,3.03655839495134
0,2.56692220857414,1.33521431334851,2.10893455523171,1.20633051401265,2.12990206517079,-0.367190710457648,2.26457179973607,2.43042125030532
1,0.195008732614042,1.15470863126716,0.971482738254319,1.72935630700137,-0.198831544685986,1.62414773715101,1.15719963453668,1.25953018167052
0,1.50683020519408,0.0571536201082253,2.976473590895,1.00299041799742,0.926654839915374,0.796758283180515,-1.07015781773516,1.7088319728988
1,2.24021151080664,1.02219477654125,0.821671689585663,2.71137882904825,0.679374608469468,1.37911104424008,0.861983940853157,-0.329535825136293
1,0.768925978258789,0.679896727210097,1.69866595242113,1.04377056477848,1.64439724452698,1.06144705289694,1.37743581784028,0.485089717187494
0,1.79263623909335,-0.0956040780659988,-0.181963651270979,-0.326005493160393,1.54493574923611,0.590759271143024,0.626938147995589,0.0996526367787118
0,1.81705357859811,0.773942113541838,0.00257065622452746,-0.746031974561894,1.18728260770403,1.295585307659,-0.0555616444208247,2.99784720332252
1,0.0867596530764081,-0.0403796919846504,1.97116404160323,-0.498886502166039,0.849017127327104,-0.0812501947346294,1.01176935664088,2.34533600049146
0,2.75211067037411,1.99315273776707,0.971038264105873,-0.34353335721697,-0.0758234173394627,2.00601454459918,-0.561144317580764,2.40004489089393
1,0.789163685091431,1.14484541152693,1.02648395062023,0.291761836990248,1.64536262400376,2.03223726979251,0.299753891481116,1.39820891385889
1,0.767921191681557,1.49844678470381,1.72392439112248,1.05528039097183,1.7474187209993,-0.464969995499686,1.06791046948236,1.31112599344676
1,-0.754181681746922,0.363443454398362,1.55728539987189,1.93814817428906,0.0844483048925552,1.32281520303575,0.88987245106996,0.870734326697292
0,1.81826586260308,3.54439985666661,-1.42905432871234,1.28778606866378,1.44211981921274,2.49001128405566,0.573434672432785,1.5459098985357
1,0.51243973296484,0.569725625842148,1.18839736345554,1.19613312882412,0.266191075627879,1.78011478056473,2.0867070642737,1.77844418772337
1,0.135401907727935,0.789203644514855,1.57691039558807,2.18397016861048,-0.229502550892411,0.0298399886003144,0.0110238376347447,0.834406843079568
1,0.766515247059859,1.73050888831977,0.045325803799406,1.23968952673794,1.24466116164524,2.42728634876946,0.825510606751865,0.966258613556118
1,0.769818551689097,0.977347255694664,3.65725991416666,2.00436026422851,0.59529592021309,0.750820205874063,1.61092299480729,1.92381808740037
0,1.44829801400229,0.364679733080562,0.465027720783933,-0.826064152547289,2.75241860816426,0.867825649823557,1.29709303534652,2.45909953343519
0,0.904103316390589,1.30705541915589,-0.442013772311307,3.0154889607528,0.896702649881115,1.27753778518589,2.53262104533709,2.69057396163703
0,2.01523641226803,0.192292283773649,0.720792316185941,0.290483449603842,-0.0787267394810693,1.51152391770139,1.20836897468922,1.14233736087099
0,3.09871277412291,1.15015335073996,1.8377317480172,1.37371860825036,-0.643617984662072,1.7504963546097,2.25431874898603,1.41259748530856
1,-0.556956240875403,1.46554758828349,1.32784830706961,1.67014342035399,-0.288726825332164,1.29631487026749,1.09698901010245,-1.13321217374297
0,1.11224418958175,1.00269532248876,0.0348552170621785,-0.449112783327571,1.23270551333155,0.0813764109878478,2.64511043180394,2.15689102895924
0,0.544235570594735,-0.200485670621041,0.309565010916302,-0.0990079417783574,1.46723131355911,-0.687704390676548,-0.22321704767365,0.393989023422039
0,1.9757597227974,-0.202647960775264,0.155937232301204,1.81184577732208,1.2212305965149,0.437745642073046,-0.0280181296901425,3.58044867068957
0,1.71610038950453,-0.0702720867792108,1.66211529453753,1.69201095019784,1.82531321003433,1.35726457054729,1.37280027678983,0.835303676377485
0,1.33992536765177,-0.726424227596375,1.17457205275823,0.890909768349532,2.30797023037313,1.31605053630878,-0.520513379759084,1.45279650001892
1,1.19185641656399,3.03494643936958,1.28991371380423,0.821622132999036,1.35680864048068,1.1836488670695,0.872415325008266,2.2006936274308
0,0.975097688646378,0.558385316466196,-0.720907688763636,0.332531035909529,0.608339295909125,-0.840085655650831,0.398602395031479,2.92235116113966
1,-0.743420019064907,1.13669931470245,0.816513899916852,0.599883946598215,1.58273255844823,1.09001222082831,1.79103345213722,1.42922186558974
0,1.18696845697351,-0.306493318526354,1.43680824506793,-0.747683245887035,1.61778694916011,-0.649643543273998,2.01247855596722,-0.120850885663156
0,2.06734848460648,1.32847838887993,-1.12378790373782,2.84819365471028,1.90986741683025,-0.107513078496453,0.941303421272033,1.47539118902249
0,0.491302280453445,0.797906969517474,1.68469749834757,0.605976557304538,0.0623817368867984,1.06686169168227,2.06140177653825,1.27675337682582
0,1.90655639085401,-0.020861108012757,0.760437946070066,2.01531996307212,1.31869898642508,1.1009673032116,-1.20528813669371,-1.26945422507198
1,0.778871992730085,1.57915956551105,0.575784031929636,0.665946904818334,1.70603123043976,1.56970699910684,0.177431886658019,1.01513763591427
0,2.6639369742177,1.12931225624981,1.68910787028599,0.243622752428483,1.31442484836663,2.44936052568476,0.912166643972067,0.95838630291288
1,0.350500719376277,0.107423834802339,1.1898693273345,2.58318867688493,1.76861010972394,1.56061086194468,2.13469283248585,1.14390962084284
1,0.0546262964167301,0.681886652957636,1.17666018591575,0.379245114257757,0.741168622270714,1.53055668012566,0.868874055566772,1.31450163753283
1,1.10922111499642,-0.373004707816917,2.47626570008026,0.130834960462108,1.2475643134066,0.803276647167841,1.25215993256051,1.19653946067245
1,1.18895666911854,-0.530463752990813,1.2174736783064,2.3893615215813,3.41533551726562,2.74142687331724,0.32661941961094,-0.0381047181193435
1,1.35703498278993,0.196889818093146,0.966949452964327,1.13283419621269,0.708024347746026,0.827336186656869,0.931775037927776,0.319789763224919
1,1.09382478860842,0.92799126832275,0.841688728040308,2.45407370543164,0.0522771332349116,2.493449958994,0.638383649783735,1.0336428981118
1,2.3046522514325,1.30223645450914,2.97291939692362,2.0184341759539,0.993042013795476,0.309928565773792,-0.302333433885835,0.401691538973285
1,2.66963810585616,2.2171857612543,1.30080669986674,2.18403503761893,1.71886904051397,0.497981388223899,1.53466215907418,1.28445114601502
0,0.710185933238776,2.09037370525432,0.522034247465274,-0.958479208178378,0.902852739394493,2.03811530011784,0.0760463384002159,1.48030377640774
0,1.93469865357049,1.51451271579396,0.152319282284689,0.702381459048201,0.801109487344536,0.180095816262525,3.0667744995863,0.841563881043013
0,0.43278760925854,-0.966826119564417,2.12360472785095,0.0899025672355435,1.91996500360079,1.60868925496053,2.37978241857183,0.576097982660607
0,2.04801211326652,1.09779045908931,0.686226637804485,1.07616464183675,1.3895431924033,1.54492062335272,1.48189315641068,0.683075963973806
1,-0.446096327081911,2.54307249090406,0.867917251907135,1.15694135556326,0.432680631618777,1.29903257189221,1.83888588755403,1.24485874646905
0,2.02681756308311,-0.709146237299942,0.91817937505836,0.474167807490442,1.47059197728125,1.98260024273231,1.66222660494292,1.22570963782677
1,-0.121533800820156,0.414386774318814,-0.49937425652069,2.67428458812023,2.72821602343213,0.760978428985977,0.718908188352592,-0.270654699894237
0,0.350597290295759,0.867463761915812,0.363840779854596,0.17713832274205,2.54162703684822,0.619392616612213,1.02160818649895,1.87319759743738
1,1.32772925942158,3.19172769733029,1.50236810779937,1.61209957963522,-0.953398682772465,2.30168390807542,2.22547836057,1.06537206046748
1,0.579488665699822,-0.233010029864399,0.473898220926948,0.759938100521777,0.301324857096904,1.15609883746542,1.14854590920622,1.02759151236193
1,2.21392904157803,1.64402927873947,2.04436302417601,2.28270788732646,1.64509524905135,1.62679706823074,1.72306105016436,0.700315049046588
0,1.96797388030229,1.24553714195042,1.60271871141214,0.62888703079578,2.08106877212145,1.00236886546436,0.879897638396518,-0.264283209422032
1,-0.459750633374739,0.802322323370763,0.00216533392723595,1.24096125299265,2.06986164852476,1.38381884785391,1.12213709933005,1.80430308918184
0,2.01325169758782,1.70945328287192,0.986768673168732,0.868126311980066,0.348236702971435,2.11724030773717,2.15663016741405,1.25029073267024
0,3.10972525712159,0.857990830596078,-0.355955524156421,0.477084105850686,0.676847839603254,1.65350143740277,2.65769536007492,2.19906834830692
0,0.653682824506443,1.98466906058403e-05,0.105350539482127,-0.276513319147771,1.89667034124202,1.98879402553672,-0.280799088322847,-0.916605486617955
1,0.819343698315822,1.77219512341081,0.0593690671256941,1.81956815818341,1.83057268149588,1.59537734715844,2.36975131660916,-0.306076847251852
1,1.18111178722179,1.06277087927208,1.80084531341875,1.03588202429542,0.108750755371249,1.87694280537777,2.50537389270575,3.44202336576027
1,-0.678455963621921,2.13754560070675,0.330841208972162,2.28349607975268,0.953172630493337,2.65270635405217,0.511573786650586,-0.566097242773844
1,-0.0763215462577562,1.37851782549602,0.808393275116882,0.961558685231738,2.32600007373149,0.852091811062261,-1.40880869135234,-0.331381012411425
1,-0.673327193330739,1.22635144918809,1.45291563235498,1.47330146686939,1.96851535506126,0.618045964718278,0.751095435440345,2.47338630639742
1,1.11763109816897,1.13623286957243,2.64849600798791,-0.561463827839722,1.25627609827788,-0.427840730389218,1.23717059559366,1.23717392278581
1,0.400894519728781,0.22661793145025,1.49088323205462,0.682976430932269,-1.16586104536081,0.943865225170069,0.947461575717398,0.223738930871197
0,3.38990883965499,0.465793777297254,2.41971680483237,2.31720353729261,0.549861214575655,1.15266047085859,1.08884394536037,0.404009588951432
1,0.275590766464753,2.64333719258424,1.43610685354686,0.154183514420644,0.791224286113664,1.4080734119239,1.36527907763524,1.00817729966697
0,0.550489082305646,-0.163189582173942,0.970888822385568,0.860851811946633,2.3377473020433,1.12936169069158,2.0209687362015,-0.740148722299953
0,1.70902863101004,0.0883716818798972,0.0109639947584407,1.11769081217167,-0.339688415586372,1.3827610088116,1.39677157002915,1.69877048751984
0,3.06146562591446,1.61904327803602,-0.229201795148131,1.97170107586184,1.45750358000423,0.523602509568087,0.437660136317807,1.71991316778915
1,-0.0465935779897906,1.08043457613225,0.560029090705801,2.29250146706792,2.14816253645207,2.8393608697044,0.561528265857569,2.17524416797696
1,-0.322932873748934,1.60303735861684,1.4924969717619,0.233002625407824,1.54983929991992,1.44484514473496,0.623624915059119,1.45423843647731
1,0.153694094922836,0.854696853857622,-1.08808241527646,1.46414440739009,0.517083475503103,-0.0104514499771364,3.85614820300797,1.96460127743143
0,2.42995455883079,2.00168827566666,0.0658143460043087,0.775638746412414,0.0901472273181978,2.23939128854532,1.10802539770731,0.415715070555797
1,0.733775689249848,-0.306010414876303,0.389595586746184,1.72959894667379,0.699520472020587,0.692124810873281,-1.49992107820248,0.738442603562723
0,3.1573268269132,2.7265137864728,0.195961358416804,1.29226097974022,0.323870845905647,1.23100982845799,1.51310059261355,-0.146315044564272
0,0.0604012468180261,0.554552242620285,0.74899591966785,1.13630813123772,1.03125878165518,1.96622087335138,1.90309078783113,0.277070383572454
0,2.69191889287649,1.87167814757141,0.0728806086533997,0.155205052696014,-0.782785863767443,0.663117484981075,-0.215413361761872,3.24880708655063
1,1.40623184827013,1.90844448292379,0.367350686611387,1.0448543366382,1.93045517111742,0.701134931424036,0.100637501692067,-0.155830984877523
1,0.445082354533195,-0.581540555100016,0.876716158757465,-1.77336223913841,0.696176255035784,0.260077742361983,1.81041963559476,1.82623867281943
1,0.499639908527394,0.745114451996004,1.5151810340788,0.388814398265325,1.224929404659,0.720657906302085,0.168339060854555,-0.733347911090289
0,2.15322079864338,-0.472958944887873,1.53396284289144,1.33854266743084,0.44886498291892,0.925649188556605,-0.807248550409128,-0.214117520105421
0,0.276528817014396,0.888422966537899,-0.943240905294872,2.08675752276874,0.710459503881505,-0.808888138976389,-0.694215710608178,1.19978702279605
1,1.01021776539484,2.1885952865525,-0.527170432091442,0.883013181038767,-0.148889805302693,1.56469205221717,1.72281703060994,2.30335873835961
0,3.62666728823273,-0.0584947863831264,1.07048230492779,1.55512038267958,0.274767354813784,-0.232323563737342,0.710162263843063,0.867689073891876
1,-1.71474253865765,1.6646188810984,1.51655352444716,3.95640584440245,0.874869705352395,1.95612774958788,0.921055699355275,-0.341579447345228
0,0.365096430885264,0.708895010766579,0.747429188923581,0.789457791165262,1.95137159630567,1.29859301841875,2.40071751729763,-1.83124737354368
1,0.758768528530326,1.71423027319249,3.04897439950088,0.187111260259763,1.94038255307008,0.832770230020347,2.27546419205629,2.4842467923319
0,0.754824524780958,-0.163794743507347,0.669133336894504,1.43626542978108,1.28503280687933,1.11360894381425,-0.0507800406467274,3.17898756984024
1,1.04041919207242,3.03498723983071,2.15951575304703,0.249017975173589,1.80185507973483,-0.0158544524638295,0.966300752308618,0.987610786384539
1,2.34923603857572,0.911185247603125,1.50452161679478,2.58571114369222,1.18571554471463,2.48698777184292,1.71007016105935,1.66203865325252
0,1.9482328725619,2.12633619541432,-0.959603295278017,-0.512975165130273,-0.224003632804818,2.54353251287222,1.63951265135999,0.0159917170867396
1,0.727194976814814,1.88670170620412,1.79339507022007,0.0676829100470586,1.63119113042983,2.015239716259,1.5266471863284,1.33503292270167
0,1.31338596084365,-0.293472374375427,0.9220874205554,1.92990573028837,2.09305875259881,2.28696157765299,-0.139980450934731,1.29943509277785
1,0.534054902321069,1.2566631237988,0.355871466595525,0.6875023403583,-1.3401409431592,1.98563030689463,2.17346677993678,-0.163499018124106
1,-0.270812248102645,1.01447870475542,0.7769282729824,1.0050259169887,-0.314437512472416,1.87778568970179,1.11764560615024,1.99397267186929
1,1.65197212324908,1.9510400465238,2.28396954270548,0.0831400265160905,2.99618100580513,0.695407512938729,0.553767440028954,1.50219107446237
1,0.305703550394834,0.775562409101832,-0.914577957936835,0.619255522488151,1.12239929966906,0.282727283555854,1.52243450064588,1.40918772358378
1,-0.60051525818899,2.65233625008452,0.870631430000175,1.35687884495256,1.747721356628,1.38036760740425,0.399403703056814,1.26347285240301
1,1.13195972347555,0.408533171354071,0.6241807921273,1.29421733090832,2.01269905062771,0.606142936245116,0.869601223602586,0.360966433467031
1,0.469283509015752,1.39030695782959,2.92304572422526,-0.606882068732252,2.28441327960055,1.36439262893913,1.07804956161452,0.965436130088849
1,1.38858615092423,0.510157456487277,0.795917509809219,2.1690162212657,0.95220489579376,1.65879591642346,-0.274436975608721,0.519050145634906
0,1.64239157713495,0.746994096721577,1.14794019244338,0.102108657616601,1.65204332167757,0.544490438120294,2.41468182048464,3.09339968996705
1,2.21635167232871,0.928185112055207,1.55004738996198,2.91352098012846,0.27263525768213,1.64833740300136,-0.235880353337023,0.0414946676789643
1,-1.97893593848163,0.969914682304285,1.68445219473183,-0.534968107263899,0.273824138154254,-0.212813172710455,1.3339754888709,-0.832690477850024
1,-0.814304546127428,1.70214350542351,1.50126763011592,0.202601231714543,0.528406518664833,2.36535342076166,-0.190162805168695,0.0342617636615391
1,0.0495357010114837,1.06268302792109,1.85288218682537,-0.577226448010524,0.817018490714978,0.643647414929484,0.642739030761126,1.04071815564915
1,0.597801151906962,0.344124527997281,0.544478049959709,2.62609648920875,-0.178439859776816,-0.719661027254492,0.0234096023714516,0.780663182014587
1,1.20977613086003,3.6864650993635,2.52476480535229,-0.749695864946309,1.04138048018048,0.2056554584237,-0.608501661950941,1.61119953511691
1,1.60852065165772,2.60855228074335,2.10905394483204,1.26493024562133,2.00946756765532,4.09239538724909,1.5871737873829,-0.832272830465383
0,0.677886300987081,1.90169906934772,-0.20457421299856,0.435446763207682,1.44802649368532,1.44318304813367,0.570606608132291,0.689034282189762
1,-1.55186074684585,2.03491423072487,2.2081017213927,0.663974600957035,1.00911483425137,-0.47331142901062,0.9581622069573,0.367778724494667
1,0.104083723911128,0.669900797593841,1.21297003100223,1.64210621678844,-0.416066900493055,0.372491794795926,1.3811349669883,0.812912347290868
1,-0.815114241797776,0.443594051983803,0.38558303590179,0.704211076975817,1.17185415971766,0.723691498425174,-0.372341320263261,2.00482729685083
1,0.385358638492486,1.79774571921442,2.17868522989665,2.46609278055568,-0.403096424423802,2.03122593092443,1.21340990151834,1.457069185213
0,0.781816151379067,0.103759100633193,0.973019553796029,2.81863782572043,0.360318477072524,-0.0105628932407482,2.61308623367966,0.326776216396608
0,2.63017746691727,-1.07265825273881,0.424289954458289,1.2862531371041,0.852609089637284,-0.108025138190732,1.46582352619464,0.653969485130691
0,0.755709804485306,-0.820297361159653,-0.0942773875893779,3.02908722853518,0.00434187358233074,0.662403374206585,2.58690153988354,-0.95344981127256
0,1.43493330561309,-0.0153186087238542,1.47469466113905,1.10964464613118,2.6120058980048,1.18410172197672,0.769567779965758,0.838209010456782
1,1.73377398034193,1.59853188488507,0.335621987452606,3.19840796461362,0.408810650775476,1.76425380876358,0.50002767867694,0.328245030957304
0,2.3572829030679,1.8931163853213,0.51912367666862,-0.575352620341387,0.23322720736733,2.43729345944593,3.12893502990035,2.17512606292827
0,1.358847777118,1.10197802184252,0.683612929682941,1.00194699856758,-0.110540970451868,1.90168952200108,2.559837313631,1.43618896792781
1,0.0945580306008735,1.75406469388732,1.76795838323539,1.73283197063707,0.807884330318309,-0.405072154733142,0.422382875060126,0.364283417014868
1,-1.20495848473547,1.75475119892797,0.57586957794121,1.56076235864732,1.06020821104612,-0.40706837163234,0.614891497507208,0.518592058026051
1,0.468962389973078,2.87882735051475,0.864794354724406,1.78908014889421,1.97342425732413,3.84596870821265,2.83803799631936,2.22471109502247
0,2.70001659506186,-0.0126485158922554,1.11266446090102,2.47477316567815,0.70654093354851,0.0590586737508295,2.07789238143633,1.22568593804383
0,-0.100359737469102,0.488516032720725,-0.0019653168260938,0.375060748282622,0.518754172118117,1.21874152956396,1.54505424949338,2.16884002841057
1,-0.41144677183298,2.80367677813155,2.59236783849406,-0.0267915848521756,-1.10502563421786,0.364156229911045,2.57421305445117,0.459659911863082
1,0.263478429557505,-1.34747121199273,1.81478478481212,-0.315677360309641,0.619542249429295,0.453465262286667,2.41547890145734,2.77930489312479
0,0.967210674265072,0.778689441349436,1.02790091203261,-1.36127850670324,-0.254247163267134,-0.0962001324637838,-0.324687964203793,-1.07304865643321
1,-0.780628398732044,0.631656803292906,0.137250646736337,1.41499507881949,1.87034711957462,1.35034051270614,1.85634122976592,0.821445815075728
0,1.47250440714651,0.861306409829599,0.727558683892416,2.25986900301945,1.96703881046844,1.26039670274982,0.360034658460202,1.26542194431873
1,-0.301418105211839,0.141158572407784,1.75585402732233,-0.069905894822033,-0.735782133394397,1.47874610499316,0.767013731447985,0.826358284979261
1,0.31328908886757,-0.749264248346849,1.50905775517031,2.35824704169714,2.05758576287725,-0.899340659880028,1.51928472602728,0.28253290404949
0,1.30988223830697,0.192159202055624,1.20433543743152,1.40650807892918,0.862729872750725,-0.818081699073536,1.91939540170712,0.355661914136446
1,0.609861334829154,0.732839808127218,1.69593261863162,2.72148229998787,1.06951526218008,-0.0338251206035911,0.737933523629662,0.547185606457638
0,0.643819207451739,1.03078375500162,1.54544486469806,1.69460035659612,0.720409257019794,2.65221940294407,3.26153822835024,1.94471229424729
0,2.28750799946751,1.9768143246098,0.0796760570849612,1.63414055960581,1.59102345858731,2.3973236367942,1.6539100734127,1.56739684192243
0,1.21976227271639,1.20694570814267,0.145593680850765,0.574377435861183,-0.446587239885243,0.752828148388465,0.976967849365286,1.54305245817147
1,0.346639631687248,0.200361677240759,0.433009402943336,0.88525792614064,-1.48347364273444,0.849850253878315,0.852501842206975,1.7077388889632
1,0.666407050461962,1.98894167363552,0.702178182766368,3.69631107082258,0.752123906616832,-0.247708845414076,-0.859803188178123,1.67239580689243
0,1.61857882633925,1.61127136273212,2.04999430904371,0.825150787273225,0.246707652140719,1.15348152637066,-0.402995483353908,1.42621891469878
1,0.88005545831726,2.38192799451746,0.896256739218307,1.93930527503396,0.238628877393184,1.99151734184465,0.0636942418970942,0.223043371567569
0,0.922247756548918,0.582268852274329,1.46187832212894,0.587280236622466,1.1776987232131,0.816301087261686,1.6446240976793,1.16202130408331
1,1.48231862928266,1.75557856202936,0.586965250516261,2.1140437378092,0.133227552663116,1.58955736779258,1.67168793664077,1.58947656072786
1,0.863095076754398,1.0818674172616,1.4194890930311,0.534115309630983,-0.642933791298915,-0.0688632604556845,-0.768235062324062,2.51352484827776
0,-0.169087221645969,-0.384240975115505,0.0538814355070178,-0.627612530760201,-0.417291673479847,1.86551240906405,0.259155892405717,0.293975421607371
0,2.00302882717294,-0.027393984859202,1.35684087350236,1.2530066856838,2.98170765381821,1.47630292207935,0.588167323614735,2.10320918743602
1,0.879422893365899,-0.0124995406872039,1.06278870831021,2.71217634510803,1.87935296340136,0.372323300476275,0.340493699787173,0.819180847449866
1,0.416071936915805,-0.0453252351376063,2.7550830124841,0.589460726354018,1.25665592764278,1.38153961853837,-0.749841957660083,0.77853564532735
0,1.26478279406851,-0.264292516515624,0.373360785595282,2.3037994591726,-0.785264456362391,0.411442882920041,2.44181275706731,1.26465932208097
1,0.943662772918307,0.369601522616802,1.56998215275913,3.00299665198077,1.694185132252,0.410091600151697,2.09369833970321,-0.175260869488384
1,-0.8156792797201,0.923859768221607,0.0314760242022111,1.13603169725181,1.37537538350484,-0.560082166086889,0.0487024760789804,1.09402599760429
0,0.473094212122589,0.805164845178958,0.284943933736968,1.69824880663777,1.14414856174143,1.10556836977056,1.4248915477564,1.28816811281108
1,0.406850814487985,0.609235726030321,1.16797038341809,0.156767119761166,1.09535818567712,1.93679493251264,0.784312992945826,0.361439210829536
1,0.0209110731745795,0.684357706401264,0.558791099708315,1.15222549635699,0.177064034468566,0.0895598801610226,-0.385668613624476,0.460258299259269
1,-0.327676734241944,-0.457379143798097,2.49463520164786,0.973274623145258,-0.0117225592287895,1.54953001499194,1.80243629197474,0.348569030663826
1,0.52248648868257,0.554645999771714,1.18133537805554,0.0736297348099102,1.7402462991575,1.56992097363528,0.261424127488298,1.53443338390713
1,-0.330318530037616,0.526036908905898,-0.0664510926433624,0.587158442827394,1.97520378526483,1.57784127693693,0.774526453638142,0.807044571508628
1,-0.412317540720365,1.30603421899485,-0.901729476428267,2.66326179153313,0.038893050518007,1.06203075253149,-0.381234716743653,0.641162573472017
0,2.47595893928462,2.23014691205369,-0.887153138195482,1.07403290650278,1.26152628889902,2.31004801439605,0.243078486564958,0.951825203201102
0,1.17920929544793,0.480979009893234,1.15816504011717,1.0806263034085,2.16611573724207,1.37899738569316,0.373738604028434,2.5918217821636
0,3.28329871570613,2.8296774600855,1.15097525003125,1.08033638104874,1.64247210972142,1.73728194581922,0.922608834510948,2.51015934728054
0,1.95924193029618,1.17050500246884,-0.1806027183649,2.04811862193181,0.500693519171179,1.16280373051476,3.58409762668758,-1.34010156842234
1,0.529076125695182,0.0178932615744239,0.0747816160793604,1.68713161353668,0.620318064347912,0.519240909173261,0.0694869124232147,1.2704104634176
1,-0.831432927284506,1.64766987346117,0.640988128678851,2.97570360433752,1.12404707465562,0.145680125582729,-0.664039194070939,1.17069396884144
1,-0.486029276040617,2.93208643261011,1.40103103950099,-0.227636748619638,0.0740169980598976,-0.146529832175974,1.10251645479781,0.67980631715596
1,0.765712946369605,0.224899068499714,0.301388660247928,2.70333902881855,1.77040660876033,1.65989620114512,0.167266910627266,3.86319072966054
1,3.62560807544834,1.06889467929547,1.11205566025103,1.5017532064422,2.17980167512654,-0.368689480031714,1.62127298203552,0.627545713599176
0,1.89123891266903,1.28948511130361,1.48655612465682,2.10471988633746,0.661133858264363,0.397208320614312,1.6604374665005,2.39941058719426
1,1.0707175727404,0.996075993425039,2.47461151569085,1.14093030163779,0.492514210869981,3.17818397511661,-0.965757680000256,3.11876924953791
0,2.17322150563267,0.22738466758599,2.36557893226305,1.01185089086292,-0.549043895149226,2.41119726931634,1.88265586700533,0.116290188682278
1,-0.548528697617962,-0.125117461593663,-0.21718394160705,-0.848535650804341,2.84837623033491,2.59566806879747,-0.191727549911176,0.285051736710995
1,0.665180190338889,0.521500249401012,1.40404724374156,1.17113981863035,0.871988238917209,1.56409684431124,-0.0525642371743671,1.39535654283661
0,1.25252243030981,-0.805463397205024,-0.198958510118399,2.5654720234021,0.836143452059713,2.45554860276664,-0.357787099211117,1.8500783765667
0,2.99828945785192,0.947059892892391,0.0481510722643368,2.2961362959922,1.01342735967901,0.927551247462448,0.74128645392445,-0.322716785928033
1,1.42255276545578,0.480402657305988,1.39555386619275,0.676151222184897,0.555829777299005,0.933293333651455,1.93079393562663,1.26208372206274
1,1.69928127911861,2.05624068648987,1.71127909563332,-0.497526224828504,0.956689609199951,-0.254434046876791,-0.98039205713111,2.27848600139222
0,2.24017822013783,-0.731461700460262,0.991167912594125,0.451364830979699,1.58587716851481,0.175861306028698,0.561879308976663,1.29717202809947
1,0.34282353191885,0.57770493365987,1.48720103453564,1.81816734560713,-0.383112840281891,-1.2210774528941,-0.346567487888855,0.136999223205954
0,3.38539012184911,-2.12064995923629,-0.493786216873005,1.93817797403158,0.130638569028289,0.483059729955232,0.405937428953683,-0.728199328796435
1,-0.53427737594873,1.43172065726208,1.2010207867469,0.837174633990945,1.52798891123646,-0.102957481134622,0.402077520795412,0.422688380276528
1,0.526010699840273,0.651206552471719,-0.384763373575465,1.71667998412212,0.813079046318895,1.85787974326705,0.139549590066814,-0.0990929805944354
1,-0.614681709326566,-0.493694780385853,1.69523837476155,3.41155758870263,0.201470912621282,1.21097082345917,0.704185695689775,1.52067934202298
0,1.90744970331043,1.24258289438538,2.78694463568625,-0.362426838612044,1.2279412890299,0.678706876940186,2.05052644521472,0.0866561689190413
1,1.65555575207978,2.42820665146199,0.581701014771504,2.5430032621669,-0.11765982441096,1.77108397967757,1.39178514758416,0.388146974675596
0,3.10751466084791,-0.0999618047039474,1.72083294438703,1.4646449506077,-0.831501704930685,0.26576751048367,3.12068653587255,1.33470384611772
0,2.48922181785481,0.208487539946242,0.45620244563796,0.125980989395002,0.070092963869303,1.13715262667937,2.21127841164882,0.148553780658464
0,1.6502861294741,1.85622317106451,1.54552035522777,0.529074957484324,-0.0513869514310719,2.20920201181364,1.77278590042832,0.373437368905166
1,0.216500606796684,1.4090897282237,-0.828367541006427,2.23251160388437,0.549667062811399,-0.593929008310794,2.21625069937492,0.319783872288054
0,0.945035454306981,-0.239684875653482,2.32748779987289,0.336229920531118,2.10147598902689,0.259354518309413,1.94100605182892,-0.213532841695033
1,1.59649895449402,2.12459681575101,2.13367514462659,1.14163766346186,0.0800213244353071,1.6357677540129,1.12829032541691,1.04304001370329
0,0.75246698694575,-0.180109803164392,0.152930422801191,1.51009810243996,0.361173518454,0.320156827309393,1.58835908601898,2.49918188768846
1,-0.76189769473551,0.432060516764287,1.85170577249062,1.62872539733938,1.58513907487367,3.11742716242507,-0.0288556997090963,-0.18269508970001
1,1.10841310779131,1.00984002476859,1.6137273082636,1.23861621584983,0.981613812902084,-0.324373952909164,-0.851533736568395,1.14464320496854
1,2.66123388495003,0.809525524711475,0.962447461402833,0.478820069461491,0.936797589860455,2.1657621464506,-0.0540725401085469,1.83022262741593
1,-0.147006871241411,0.00266437585489654,-0.537419561452855,2.82294734654596,0.652831150678466,0.349659469018415,0.917211796177445,1.04820755882777
1,0.203385696770038,0.815796271125003,1.13123378951811,0.464838788661865,0.215182376588903,1.6519752333117,1.89175735253859,0.890950836532311
0,0.556602906222321,1.87837515507448,0.306117455018313,1.65027625951215,-0.914927658884892,1.51412358290816,-1.26577326331724,0.00480500655620797
0,0.291457513253091,0.263143942472894,1.360882087698,1.86440372677418,2.1984277298452,1.0602363900539,-1.66283384829057,1.14887665695027
1,-1.30215888186995,0.748113539803817,1.8463701829664,0.884641681589595,2.34375532314504,0.854068926343806,3.22805028840889,0.38992885734779
0,1.42796760012511,0.499163395888383,1.20389354946291,0.29452013660396,0.902304349423049,-0.664180715808341,-0.30358032317911,1.88924109019078
0,1.30612344683002,2.41879398301437,-0.562277606199286,1.26844668300551,0.150165211925033,2.95751100587748,0.55630424679145,-0.329802226399375
0,2.59678807212237,0.470983291266009,0.865571380195983,1.2469133594758,-0.413667026344052,1.13117083297164,1.89450169971202,1.89210456081932
1,0.287286789953542,1.04585966739414,-0.505421956719332,1.35705467230984,3.10666996411707,1.94452069837617,1.78395106931707,1.86249934135698
1,-0.309156376349455,-0.00521229809989876,1.25033207051566,-0.305044588128063,1.620104882908,-0.602836828427042,0.982321202877081,-0.693509057098576
1,0.737499739616267,-0.0728798251158891,-1.23701694079383,1.03204420432402,2.33097391212087,0.123270934060785,0.910302851983981,-0.564533716225459
0,1.30754196617018,1.27001930920539,-0.0385799656790353,1.64684645619608,1.84086100171044,0.729499904874718,2.23494091918959,1.1853626754467
0,2.08064478746432,0.663469258063117,1.33195223175483,0.24252145952607,1.13948015948912,1.17543793285248,1.43772771305522,1.51316802950812
1,0.605462122629261,2.2891342310929,2.32545339444837,1.6202763997342,-0.754903147358655,2.01969184578901,1.78203397360415,1.05268924907363
1,0.364385799078065,3.7438738940133,1.77902058172598,3.54489818566356,1.60554555595126,1.39503277477384,-0.0956961841174904,0.288160052097027
0,0.749680945867643,1.04703761070473,0.308757897187438,-0.457796407036382,1.13284896307826,2.16215721528873,2.14269888550598,0.365732011535717
1,0.110685447530063,1.43422654327077,0.813868484315742,-0.224227454821984,1.61415606601123,0.909198152837315,1.35959517410997,0.649393930957723
0,2.548615106828,0.0572951564107748,3.40828140801549,0.245780663964545,0.892601699695731,0.955495730890506,1.28026492949995,0.20957245350087
1,0.0440627121306847,2.11070014798876,1.4347557672491,3.21724992979504,1.11505588784223,-1.79724196589073,0.731943525004914,2.37073060093096
0,1.38044940661703,2.29770669856921,0.603677520405805,0.952231672431075,-0.859748937157453,1.30806227877165,1.02854213884091,1.1310814129806
1,0.90911484753834,-0.00182434488889638,2.17181402432194,0.811503134368257,2.19602050692914,1.66720877219626,0.79189798586923,-0.0823336612406662
1,2.23611568251301,2.50856929599827,0.290520826494281,1.54638083707187,1.4231463852901,1.23667262764511,1.0975189019845,0.794262539345949
1,1.83000028839986,1.66442483754968,0.274126875121458,0.847717719536498,0.720668583934578,1.35899226294636,1.89510059276787,-0.745548913552668
1,0.212487861386178,0.305407500898669,1.34842534028523,1.50737181307996,-1.63179275936507,1.15531050080077,0.988465222403218,1.18027617779692
1,-0.371798177130759,1.6029655689189,0.125627875127289,0.73340503931395,3.08098033393526,2.15950853561568,0.375579008091535,0.448302200317237
1,-0.0886697672099315,1.57706632732248,3.02098207715624,1.01880981147244,0.905343062316199,0.372530047713351,2.06596580823356,0.295963438160025
1,-0.316946433257827,1.68625319415458,1.92818078456399,-0.0397903900810384,2.0263564901323,0.325182725446037,0.916735610494392,1.04760662938432
0,0.681197474743316,1.04119835141756,1.92242275270308,0.306104770297516,0.713927839414961,1.35814907294806,2.83514943633161,1.20197503170799
0,1.89882663897571,1.32388650977751,2.36790526078046,1.16494645360305,1.77651344802943,2.24636200169248,0.736586627237053,2.61061714860475
0,2.87146668866995,0.442541017909736,-0.846648854477305,1.6586133735775,0.111640021536121,-0.822184907007932,1.46558313935982,2.66995740542532
0,0.733036489407453,0.696282166088212,0.154984401517138,0.646924714495214,1.47766321226095,0.767291731091868,1.18629346342995,0.761568818065582
0,1.77710201809445,0.963989218632557,0.413727860921043,0.430382949173437,2.23758908530032,0.842825101849758,0.280248394822843,2.77810824898857
0,0.15176056355272,-0.358369259964889,0.589500563838825,1.07395927927237,2.08854710220339,1.3488470596022,1.85189605752391,0.372143096151306
0,3.49757692379982,2.22108339578152,1.54950242970075,0.854164100738888,0.916463372499236,0.786637545109798,3.67585344796157,1.69594212648011
1,0.84730939108353,0.220221283071199,2.32080347873013,1.94794827434808,1.22562692467694,0.427218965283524,0.77287235272547,0.36872316298106
0,0.865156301262412,1.36014759077211,1.83285685880813,-0.414178475896894,1.24180281054742,0.393760167522738,-0.261304614581798,1.57721702650475
0,1.9368313807939,1.45261116138056,1.24730721004878,0.975819799591779,-0.645430094771281,0.112306372925866,1.2081633382892,-0.578504786964537
1,0.0775221609199886,0.697843392361366,0.426217659699798,0.807242561911122,-0.907477711951038,1.25910755734442,-0.524529209956152,0.772024865532919
1,0.850175896792269,4.07719437967548,1.17399397916441,1.77406689605546,0.215089482714756,-0.0704382615791947,0.458053280522417,0.76368936493415
0,1.00048919080796,0.0192933357788451,0.639593635979644,2.84149094461856,0.945320883331173,3.47957459983958,-0.47301006200257,1.69327152384311
1,0.832464101016294,1.77280220978396,0.370359605481114,-0.249501403782045,0.991567940747013,0.384871802039447,0.904205270644469,1.05558070182689
1,-0.312465675490475,1.79652054931264,1.77555879124907,-0.148051404382854,1.07948410551386,3.26191983874546,-0.050846116543718,1.13052360331857
0,2.03896460577374,1.57562864521887,0.254964684810911,0.833880976933419,0.925728683205176,0.563393736820105,1.44774316722799,1.74714911081537
0,0.189673103510356,-0.870094919475913,1.35107156539136,1.82700556526773,-0.220954936466571,1.77280155183248,-0.0456638928910735,3.2007376452471
1,0.598734297285382,1.13982055235115,0.120055023221057,1.73671846775954,1.40903889337351,2.93332710435682,1.24202105727913,0.614399788082117
0,1.87682002818984,0.64406879835367,0.799110540476819,1.34279105995533,1.86316718078243,2.2595289367352,-0.377749054167039,2.29903944052315
0,2.17918480064032,0.0625940964151892,1.45030928274884,0.214628118760703,0.498117389039942,1.75839538560067,0.391761298501171,-1.12374177517526
1,-0.843229721079728,-0.760937448918599,-0.277341553222413,-0.106249725420411,-0.463698810433692,1.5057084009284,0.449727766694431,1.24048023433406
1,0.526081854944047,2.04058764311653,1.13351729415937,2.25098096924152,0.306954055294785,1.61987284859714,0.7248684285941,0.568532985163249
1,0.584660450594374,2.12567230887684,0.165216759348723,0.65670679582187,0.866580878025863,0.597835657592899,1.11606972640518,0.9989176788307
1,0.00328742035860863,1.10851698988824,0.0767205407162183,2.03662451822147,0.174286967356121,1.49980836416911,1.24985312572438,2.61555773296312
1,0.76921471537756,0.241391711773864,1.16897073123303,1.25842475031871,1.07821094420466,1.94297652918072,-0.746280152500965,1.56013775953877
0,1.56322842346111,0.901486167916983,-1.12476010046337,1.21983268682987,2.23759906789763,-0.349064813843887,1.11230866061137,0.83172000616993
1,0.843407109948944,1.00907870749758,0.754313662172155,1.90216340461185,2.46597535409875,-0.876412678765235,-0.977429022640006,-1.56639563146965
0,0.967474942096799,0.252432679365513,0.745910242597695,2.85361000162057,-1.05222590363153,2.09093289194158,1.35713328881705,0.348801841536024
1,0.0831410621486066,1.90302462126926,-0.299099790825457,0.718016968303916,1.22129212358138,-0.176914725420516,0.971399447708552,0.400454296760165
1,1.66496400171874,2.99627405561762,1.06701404668109,1.7651276635103,0.799119580352947,-0.119888017847012,0.573394558686552,0.225766558677322
1,-0.442319619711324,0.824589090825955,0.239125294386249,1.77552062945665,0.878462168112329,0.138372706882003,0.409819513483994,1.74069504354375
0,0.784942495020845,0.21008456238701,1.97985485234376,2.44552646563822,1.27591063937818,1.07867656989261,-0.405493252179523,0.0596064449560987
1,1.23594768060838,1.44810008952056,1.28989328093563,0.3154195416033,3.32521225680106,1.07563093872434,2.42548217676633,2.05133648513198
1,0.281380939900783,2.08774446526916,1.0336798654061,0.347018799722278,-0.838889715141947,0.177830448423058,1.62566584725774,1.79999725388436
0,2.29012283449638,0.0526243882125261,0.798145654989903,0.175501227812154,1.33934021378408,3.05838956257227,-0.428765964691286,-0.0105782486837063
0,2.42687417934317,0.894002386147189,1.26857203373145,0.201004335634497,2.50122143250855,1.16773830657247,1.46053018826459,1.38003019985563
0,1.66891515630801,-0.608818239697404,-1.70700739237419,1.19045029341573,1.65632480273503,-0.676649221526664,0.485992561930813,2.34252673168724
0,3.28513060061402,-0.395661143774204,0.255149608833694,0.253021062800221,1.45852908238811,1.61585362996642,-1.29373309643147,2.06247078959423
1,1.75142402578155,3.35364946216298,1.89136428285159,0.47103839188791,2.15206829832865,0.408506425861651,1.22663828783872,1.74017513800162
1,-1.12099419363355,1.32738258146524,-0.464801180598404,0.84764588678535,1.91001039286635,2.33244719223866,-0.117405324682558,0.724483328001628
1,0.687302498123377,2.45870020091994,1.10705624197396,2.23014687956011,-0.319108091782233,0.921914775435601,0.63723038133795,2.30631947716305
0,2.97611159590515,-0.887844532775486,-0.339086336927183,1.77761826925409,1.58736495300979,0.704037991530928,1.43677457313716,-1.31575171298327
1,-0.178300875131172,-1.42916421589923,1.37228606118186,0.99845006092776,0.779185312188033,1.4203840525962,1.97996852126095,2.41001342856989
0,1.09247862721975,-0.125657439501148,0.932727321043712,1.06034587809057,-0.581727643957963,-0.926610247966327,1.88097321831485,0.0800746257624712
1,0.858341280515674,0.2911445871171,2.71952583114189,2.43339016430304,0.714741786785351,0.133009530428036,-0.749495837063699,2.00281074693234
0,1.55205821354532,1.54293751986554,0.267778997272742,0.967985378570971,2.31523110897722,0.731632311786985,2.85187168854208,1.61769619117568
0,1.06051249064395,0.53001002104391,1.00383749585733,0.953680128772677,-0.176917312643299,1.15958873040965,0.926948922012321,-0.0785843562943795
1,-0.273198068088432,2.31379877672445,-1.22169689818324,2.39866733971778,1.38887509252529,2.28824539799318,3.16860886236135,1.08930407403741
0,0.214194363572553,-0.5893198445448,0.00711839412954374,-0.297302670167038,1.28145009889912,0.329770600515436,0.956465393686823,1.81549663145707
0,4.24596842310223,1.32529015165227,-0.70172593839478,0.77222330155037,-0.0875034939659691,-1.14298809957513,0.576369145100072,-0.127316804106576
0,1.4796599642075,0.16005100738081,1.30245616052178,-0.155918086338894,2.1281910279117,0.6218497234497,2.61675269028404,1.50961614324001
0,1.22628451427032,1.32997714554448,0.0214955315875511,-0.688982776621457,0.0748100947077394,1.25023235207833,-0.158275545224775,0.747906390829652
1,1.56460318614524,0.607880858699689,1.81687946389301,3.57421531527827,0.963237459609989,1.48216068698765,-0.61317962828566,0.941510259245048
0,2.19256832027106,2.18669379609857,0.538072119215562,0.969662479683659,-0.288974677188812,0.405728334489883,1.56513804147698,0.453279915121006
0,1.18516012189727,0.4097065173969,0.747632239772972,2.10149310843316,-0.703847279843935,1.5735523594792,1.90662163526488,2.59644485350935
1,1.13074108684943,1.13951400922942,2.50425907876338,1.70137155914604,1.86187041024068,1.33485923942689,-0.765823003594422,1.8283370633188
0,2.48367732416723,1.68058928968091,-0.00388011720717008,0.871510003951945,1.34913257212159,1.98532331882707,1.3456261716257,2.47962037576837
0,0.730701727950348,0.897629144897837,1.42739501309301,0.000245338041235277,1.44356593448668,-0.503641589158984,2.36048121044182,1.22624509929013
1,1.03485014160532,0.301112705588966,1.58896198302101,1.27168103815529,1.78556480522586,2.0839465443475,-0.169629528444278,1.61482057811982
1,1.12272842413992,1.44546770395881,1.19324527093032,2.15701101711441,1.56505502138746,0.415845728184601,0.563329019240003,0.49954536600852
1,0.633184488109295,1.87312160901798,-1.40905607756657,0.744624686201128,1.97953090620942,2.15629061630471,0.808284759321361,-0.352690469351716
0,2.07810016878403,2.40743474694536,1.07972270497291,0.996007618005091,1.14023501674478,1.17187057591396,-0.627687057081259,1.78972438595595
0,3.05531148046559,1.5845679726376,1.33359952457803,-0.86787162554291,0.351931381967178,0.919987679582174,-0.109112129912854,0.000995816094748303
1,0.60226092727237,0.352089152376606,1.64228669388896,-0.136268353191221,-2.53049490409539,-1.32388623631308,1.47878597330172,1.61642074320082
1,-0.349160146316088,2.59263761509615,0.396872499020915,1.13951429286841,0.513809991831515,-1.30522236876273,0.544558160633795,1.71228755814933
0,2.0028693969282,1.44853796945711,0.544785968689174,2.39601308670211,-0.444728506388984,1.74589494394516,1.4424139567068,2.09076263287035
1,0.149182349215309,-1.09328371306108,2.80033064420631,0.25502354170278,1.59830691554611,0.718409827687202,1.84345152841512,1.93618912363412
0,1.05108954238927,-0.0275255210208476,0.932236496369344,1.82170522762686,0.0530360863922649,0.992969696666493,-0.570522371022461,0.796396728231838
0,1.9428305752835,1.34924930498921,-0.317945303747686,0.912496967013345,-0.594847944437373,1.49682577668945,1.01381981637654,1.14585862766653
0,0.957665571248839,1.43215590516936,0.286343474988557,0.85919498494028,2.3953789453989,1.88184352194166,1.22621257098761,0.710513338939986
1,0.49318009349601,1.91128735797228,0.872904789638337,2.72756346716389,2.00476507255954,0.555156120795115,1.60178713588634,1.99751288463979
1,1.50239864022893,-0.173336569321606,1.03531061911152,2.86809383299364,1.45580011491962,1.06900295107417,0.82227302026015,1.73783306489843
1,1.68483703978473,1.53315027884599,2.69768551430479,0.918630909938778,1.30942310601503,0.339222139556788,1.11069025315647,1.41174233300545
1,0.747110179249844,1.4029249431084,0.251797727949261,0.200760895316359,1.5337419197462,2.69813534660964,0.792833255522122,1.86791720182721
0,2.84823819653348,1.16981497686069,1.43174739478433,1.0275293968147,-0.408455657532381,0.453105177176876,0.292662656539648,1.46764206365823
1,0.653603724982448,0.741397895346311,-0.371380711958823,1.40565944706416,1.78935441886912,0.570876564245847,0.545582785546417,2.25468338890421
0,1.98761521594186,-0.0525774655464464,1.75387736366636,0.488839536530137,0.824673993104757,2.14454015908891,1.41499927245244,-0.946798048950138
0,1.40662573837683,0.43584535192937,-1.07052376334681,2.06073158349169,0.812288557446536,2.68440716125088,0.600833582196538,3.17443848799618
1,1.83459425986089,0.744125450939114,1.89828573313333,1.97450822226242,1.40441859852295,1.67068466173029,1.82744454201254,0.948599401587086
0,2.15371215524054,1.99116374501528,0.312525808289677,2.34800206042609,-1.17233975400048,1.76776190694142,1.01637581210815,2.03998182850299
0,2.05901324035272,1.33685155372923,2.24680447749472,-0.576211134548767,1.30386341023975,1.25121949683071,2.10615177153929,1.58768104772968
0,1.79843209234401,1.53417025673058,-0.561800226544506,2.66946545364527,0.92399675946507,0.211477237574788,1.37052833168815,0.737570993098569
1,1.61301536969342,2.75395297391133,2.15814926381522,1.18702427085649,0.659960596791395,1.64247864606883,0.433611102346275,0.231812776610309
1,-0.860545528431937,-0.892948969902319,2.61994643736478,1.4863099942893,1.36982252447593,0.33745999589997,2.05328681192868,1.24600284854235
